,count,mean,std,min,25%,50%,75%,max,session,area,binsize,n_units
0,39.0,0.40342098377812663,0.04675970872293191,0.2848639455782313,0.38159013605442177,0.39965986394557823,0.42835884353741494,0.5165816326530612,02_noise,Vp_exc,25,18816
0,9.0,0.40355725623582767,0.018906179215875583,0.3778698979591837,0.3938137755102041,0.3991284013605442,0.40869472789115646,0.43579931972789115,02_noise,Vp_exc,100,18816
0,39.0,0.44839089481946626,0.0856393828834363,0.2657312925170068,0.39647108843537415,0.44642857142857145,0.5017006802721089,0.6441326530612245,03_grating,Vp_exc,25,18816
0,9.0,0.44825916477702193,0.03411425909647013,0.3948767006802721,0.4411139455782313,0.4432397959183674,0.4714073129251701,0.5086096938775511,03_grating,Vp_exc,100,18816
0,39.0,0.0,0.0,0.0,0.0,0.0,0.0,0.0,04_warmup,Vp_exc,25,18816
0,9.0,0.0,0.0,0.0,0.0,0.0,0.0,0.0,04_warmup,Vp_exc,100,18816
0,39.0,0.44779129600558165,0.0512564264628945,0.31887755102040816,0.4251700680272109,0.44855442176870747,0.47512755102040816,0.5569727891156463,05_noise,Vp_exc,25,18816
0,9.0,0.4455428004535148,0.012857111398174898,0.4320790816326531,0.43633078231292516,0.4437712585034014,0.4522746598639456,0.4719387755102041,05_noise,Vp_exc,100,18816
0,39.0,0.45929269143554863,0.09783404093574645,0.2848639455782313,0.39753401360544216,0.46130952380952384,0.5176445578231292,0.7759353741496599,06_grating,Vp_exc,25,18816
0,9.0,0.4600694444444444,0.01924672508740627,0.4379251700680272,0.4437712585034014,0.45121173469387754,0.47619047619047616,0.48894557823129253,06_grating,Vp_exc,100,18816
0,39.0,0.0,0.0,0.0,0.0,0.0,0.0,0.0,07_warmup,Vp_exc,25,18816
0,9.0,0.0,0.0,0.0,0.0,0.0,0.0,0.0,07_warmup,Vp_exc,100,18816
0,39.0,0.455640589569161,0.048071175187490454,0.3550170068027211,0.4262329931972789,0.45068027210884354,0.4793792517006803,0.5931122448979592,08_noise,Vp_exc,25,18816
0,9.0,0.45422335600907027,0.017021328697630518,0.428890306122449,0.4458971088435374,0.44908588435374147,0.4730017006802721,0.47884778911564624,08_noise,Vp_exc,100,18816
0,39.0,0.4659427873713587,0.06350991920512027,0.3635204081632653,0.41985544217687076,0.46343537414965985,0.5027636054421769,0.5994897959183674,09_grating,Vp_exc,25,18816
0,9.0,0.46449829931972786,0.022834344237819756,0.4320790816326531,0.45068027210884354,0.4644982993197279,0.47087585034013607,0.5112670068027211,09_grating,Vp_exc,100,18816
0,39.0,0.0,0.0,0.0,0.0,0.0,0.0,0.0,10_warmup,Vp_exc,25,18816
0,9.0,0.0,0.0,0.0,0.0,0.0,0.0,0.0,10_warmup,Vp_exc,100,18816
0,39.0,0.44784580498866217,0.04752878659377438,0.3656462585034014,0.4145408163265306,0.44855442176870747,0.47831632653061223,0.5548469387755102,11_noise,Vp_exc,25,18816
0,9.0,0.44749149659863957,0.01030201529282532,0.43154761904761907,0.4432397959183674,0.4458971088435374,0.4544005102040816,0.46130952380952384,11_noise,Vp_exc,100,18816
0,39.0,0.45122536193964774,0.07359915959068328,0.3167517006802721,0.4145408163265306,0.4379251700680272,0.5059523809523809,0.5867346938775511,12_grating,Vp_exc,25,18816
0,9.0,0.45097552910052907,0.026654201253066667,0.41985544217687076,0.4320790816326531,0.43579931972789115,0.46715561224489793,0.4937287414965986,12_grating,Vp_exc,100,18816
0,39.0,0.0,0.0,0.0,0.0,0.0,0.0,0.0,13_warmup,Vp_exc,25,18816
0,9.0,0.0,0.0,0.0,0.0,0.0,0.0,0.0,13_warmup,Vp_exc,100,18816
0,39.0,0.45286063143205996,0.040454373650233535,0.3677721088435374,0.4326105442176871,0.4421768707482993,0.47512755102040816,0.5378401360544217,14_noise,Vp_exc,25,18816
0,9.0,0.45298327664399096,0.01682312052651405,0.43420493197278914,0.4416454081632653,0.44802295918367346,0.4575892857142857,0.4825680272108844,14_noise,Vp_exc,100,18816
0,39.0,0.45373277516134664,0.06583237844351354,0.33163265306122447,0.40922619047619047,0.44642857142857145,0.4889455782312925,0.6186224489795918,15_grating,Vp_exc,25,18816
0,9.0,0.4502078609221466,0.021250936094096052,0.4156037414965986,0.43633078231292516,0.4522746598639456,0.46184098639455784,0.4799107142857143,15_grating,Vp_exc,100,18816
0,39.0,0.0,0.0,0.0,0.0,0.0,0.0,0.0,16_warmup,Vp_exc,25,18816
0,9.0,0.0,0.0,0.0,0.0,0.0,0.0,0.0,16_warmup,Vp_exc,100,18816
0,39.0,0.4537327751613465,0.0403375178304776,0.37202380952380953,0.4230442176870748,0.4528061224489796,0.48469387755102045,0.5250850340136054,17_noise,Vp_exc,25,18816
0,9.0,0.4549319727891156,0.015465013315212016,0.4326105442176871,0.4427083333333333,0.4544005102040816,0.46715561224489793,0.4804421768707483,17_noise,Vp_exc,100,18816
0,39.0,0.4581480027908599,0.07605027851893781,0.33163265306122447,0.4177295918367347,0.4528061224489796,0.4846938775510204,0.6675170068027211,18_grating,Vp_exc,25,18816
0,9.0,0.45918367346938777,0.02894886018579151,0.41294642857142855,0.4453656462585034,0.4650297619047619,0.4804421768707483,0.4921343537414966,18_grating,Vp_exc,100,18816
0,39.0,0.4542233560090703,0.05431128483310623,0.3358843537414966,0.42517006802721086,0.4570578231292517,0.4931972789115646,0.5612244897959183,20_noise,Vp_exc,25,18816
0,9.0,0.45445956160241874,0.01996249530416074,0.4336734693877551,0.44005102040816324,0.45068027210884354,0.4602465986394558,0.4926658163265306,20_noise,Vp_exc,100,18816
0,39.0,0.4518794697366125,0.08067152029603261,0.3039965986394558,0.38584183673469385,0.44642857142857145,0.5070153061224489,0.7206632653061225,21_grating,Vp_exc,25,18816
0,9.0,0.45451861300075586,0.023141179938183785,0.4182610544217687,0.43579931972789115,0.44855442176870747,0.47619047619047616,0.4825680272108844,21_grating,Vp_exc,100,18816
0,39.0,0.0,0.0,0.0,0.0,0.0,0.0,0.0,22_warmup,Vp_exc,25,18816
0,9.0,0.0,0.0,0.0,0.0,0.0,0.0,0.0,22_warmup,Vp_exc,100,18816
0,39.0,0.4486634397348682,0.051932864985791485,0.3550170068027211,0.4166666666666667,0.4421768707482993,0.4793792517006803,0.5676020408163265,23_noise,Vp_exc,25,18816
0,9.0,0.44961734693877553,0.01577244499548437,0.429421768707483,0.43154761904761907,0.4538690476190476,0.4581207482993197,0.47406462585034015,23_noise,Vp_exc,100,18816
0,39.0,0.4629447933019362,0.07864052697927885,0.2869897959183674,0.40922619047619047,0.467687074829932,0.5165816326530612,0.625,24_grating,Vp_exc,25,18816
0,9.0,0.464025888133031,0.03325512671984636,0.41241496598639454,0.43420493197278914,0.4719387755102041,0.4931972789115646,0.49851190476190477,24_grating,Vp_exc,100,18816
0,39.0,0.44713718820861675,0.05195206238420238,0.3550170068027211,0.40816326530612246,0.4379251700680272,0.47725340136054417,0.5612244897959183,26_noise,Vp_exc,25,18816
0,9.0,0.4480820105820105,0.02322747552048413,0.4177295918367347,0.43420493197278914,0.45068027210884354,0.45971513605442177,0.4916028911564626,26_noise,Vp_exc,100,18816
0,39.0,0.4520975056689342,0.06955605133676748,0.33163265306122447,0.39965986394557823,0.43579931972789115,0.49851190476190477,0.6037414965986394,27_grating,Vp_exc,25,18816
0,9.0,0.4512117346938776,0.020789971294715826,0.4171981292517007,0.4379251700680272,0.4559948979591837,0.4655612244897959,0.48681972789115646,27_grating,Vp_exc,100,18816
0,39.0,0.0,0.0,0.0,0.0,0.0,0.0,0.0,28_warmup,Vp_exc,25,18816
0,9.0,0.0,0.0,0.0,0.0,0.0,0.0,0.0,28_warmup,Vp_exc,100,18816
0,39.0,0.448772457701029,0.048708849661360624,0.36139455782312924,0.4177295918367347,0.4379251700680272,0.47512755102040816,0.5846088435374149,29_noise,Vp_exc,25,18816
0,9.0,0.4506802721088435,0.017802013418839534,0.42517006802721086,0.43845663265306123,0.44749149659863946,0.4660926870748299,0.4767219387755102,29_noise,Vp_exc,100,18816
0,39.0,0.4553135356706784,0.08420603627963599,0.24872448979591838,0.3932823129251701,0.45918367346938777,0.5059523809523809,0.6611394557823129,30_grating,Vp_exc,25,18816
0,9.0,0.45451861300075586,0.04556170326869998,0.4012542517006803,0.40975765306122447,0.44005102040816324,0.49904336734693877,0.5155187074829932,30_grating,Vp_exc,100,18816
0,39.0,0.0,0.0,0.0,0.0,0.0,0.0,0.0,31_warmup,Vp_exc,25,18816
0,9.0,0.0,0.0,0.0,0.0,0.0,0.0,0.0,31_warmup,Vp_exc,100,18816
0,39.0,0.4557496075353218,0.046016617479561935,0.36139455782312924,0.4347363945578231,0.4570578231292517,0.48469387755102045,0.5378401360544217,32_noise,Vp_exc,25,18816
0,9.0,0.45463671579743004,0.023606918213596135,0.41188350340136054,0.44005102040816324,0.4581207482993197,0.4655612244897959,0.4963860544217687,32_noise,Vp_exc,100,18816
0,39.0,0.4602193441479156,0.09585436589755751,0.29336734693877553,0.3869047619047619,0.4443027210884354,0.5367772108843537,0.7504251700680272,33_grating,Vp_exc,25,18816
0,9.0,0.4590655706727136,0.03459692619744106,0.4140093537414966,0.42304421768707484,0.46290391156462585,0.4820365646258503,0.5091411564625851,33_grating,Vp_exc,100,18816
0,39.0,0.0,0.0,0.0,0.0,0.0,0.0,0.0,34_warmup,Vp_exc,25,18816
0,9.0,0.0,0.0,0.0,0.0,0.0,0.0,0.0,34_warmup,Vp_exc,100,18816
0,39.0,0.4516614338042909,0.04665884325250361,0.36139455782312924,0.41985544217687076,0.4443027210884354,0.4772534013605442,0.5718537414965986,35_noise,Vp_exc,25,18816
0,9.0,0.451447940287226,0.0100209631418425,0.43951955782312924,0.4432397959183674,0.45068027210884354,0.4559948979591837,0.4714073129251701,35_noise,Vp_exc,100,18816
0,39.0,0.45547706261991977,0.07629983633585813,0.3082482993197279,0.41879251700680276,0.45068027210884354,0.48469387755102045,0.7185374149659864,36_grating,Vp_exc,25,18816
0,9.0,0.4542233560090703,0.03084315078347558,0.4044430272108844,0.43526785714285715,0.45918367346938777,0.46396683673469385,0.5027636054421769,36_grating,Vp_exc,100,18816
0,39.0,0.0,0.0,0.0,0.0,0.0,0.0,0.0,37_warmup,Vp_exc,25,18816
0,9.0,0.0,0.0,0.0,0.0,0.0,0.0,0.0,37_warmup,Vp_exc,100,18816
0,39.0,0.4567852782138496,0.041715558476723036,0.3656462585034014,0.43048469387755106,0.4570578231292517,0.4804421768707483,0.54421768707483,38_noise,Vp_exc,25,18816
0,9.0,0.45912462207105065,0.013571676392640872,0.4379251700680272,0.45174319727891155,0.4660926870748299,0.467687074829932,0.47565901360544216,38_noise,Vp_exc,100,18816
0,39.0,0.45711233211233204,0.08746019551327669,0.27848639455782315,0.39965986394557823,0.44642857142857145,0.508078231292517,0.7270408163265306,39_grating,Vp_exc,25,18816
0,9.0,0.4568216175359032,0.04497388186609326,0.40763180272108845,0.42091836734693877,0.4607780612244898,0.4841624149659864,0.5410289115646258,39_grating,Vp_exc,100,18816
0,39.0,0.0,0.0,0.0,0.0,0.0,0.0,0.0,40_warmup,Vp_exc,25,18816
0,9.0,0.0,0.0,0.0,0.0,0.0,0.0,0.0,40_warmup,Vp_exc,100,18816
0,39.0,0.4493175475318333,0.04094237518235851,0.34226190476190477,0.4272959183673469,0.4570578231292517,0.47619047619047616,0.5229591836734694,41_noise,Vp_exc,25,18816
0,9.0,0.44713718820861675,0.021445354961054614,0.4055059523809524,0.43845663265306123,0.4528061224489796,0.45918367346938777,0.4799107142857143,41_noise,Vp_exc,100,18816
0,39.0,0.4605463980463981,0.09121162425095924,0.29124149659863946,0.4060374149659864,0.4528061224489796,0.4974489795918367,0.7674319727891157,42_grating,Vp_exc,25,18816
0,9.0,0.4606009070294784,0.04335086586174386,0.390093537414966,0.4320790816326531,0.45918367346938777,0.4958545918367347,0.5155187074829932,42_grating,Vp_exc,100,18816
0,39.0,0.4545504099075528,0.044519803263157166,0.3741496598639456,0.4262329931972789,0.4549319727891156,0.4804421768707483,0.5697278911564626,44_noise,Vp_exc,25,18816
0,9.0,0.45564058956916104,0.016533099734590013,0.429953231292517,0.44961734693877553,0.4565263605442177,0.46184098639455784,0.4820365646258503,44_noise,Vp_exc,100,18816
0,39.0,0.4633808651665795,0.08910903419838995,0.31887755102040816,0.4028486394557823,0.43579931972789115,0.5197704081632653,0.7334183673469388,45_grating,Vp_exc,25,18816
0,9.0,0.45941987906273624,0.0325356592858541,0.42304421768707484,0.4437712585034014,0.4554634353741497,0.45918367346938777,0.5203018707482994,45_grating,Vp_exc,100,18816
0,39.0,0.45040772719344147,0.03766757349646346,0.3784013605442177,0.4219812925170068,0.45068027210884354,0.4815051020408163,0.5208333333333334,47_noise,Vp_exc,25,18816
0,9.0,0.4532194822373394,0.0166539077354053,0.4272959183673469,0.4416454081632653,0.4538690476190476,0.4655612244897959,0.4799107142857143,47_noise,Vp_exc,100,18816
0,39.0,0.45656724228152795,0.08383744233610217,0.33375850340136054,0.39647108843537415,0.4379251700680272,0.5102040816326531,0.6696428571428571,48_grating,Vp_exc,25,18816
0,9.0,0.4547548185941043,0.0477200429711055,0.3778698979591837,0.4320790816326531,0.4522746598639456,0.49744897959183676,0.5128613945578231,48_grating,Vp_exc,100,18816
0,39.0,0.44828187685330534,0.043373213711124334,0.35714285714285715,0.41666666666666663,0.45068027210884354,0.47831632653061223,0.5357142857142857,50_noise,Vp_exc,25,18816
0,9.0,0.44613331443688586,0.017776432631691024,0.4182610544217687,0.43686224489795916,0.4427083333333333,0.45918367346938777,0.47353316326530615,50_noise,Vp_exc,100,18816
0,39.0,0.4536782661782661,0.07696715243675067,0.3167517006802721,0.4102891156462585,0.45068027210884354,0.5102040816326531,0.6611394557823129,51_grating,Vp_exc,25,18816
0,9.0,0.4505031179138322,0.0318223624418142,0.40869472789115646,0.4171981292517007,0.45971513605442177,0.4830994897959184,0.4852253401360544,51_grating,Vp_exc,100,18816
0,39.0,0.0,0.0,0.0,0.0,0.0,0.0,0.0,52_warmup,Vp_exc,25,18816
0,9.0,0.0,0.0,0.0,0.0,0.0,0.0,0.0,52_warmup,Vp_exc,100,18816
0,39.0,0.4494265654979941,0.0618763309432709,0.29124149659863946,0.4145408163265306,0.4570578231292517,0.4942602040816326,0.5824829931972789,53_noise,Vp_exc,25,18816
0,9.0,0.4497354497354497,0.019154374925709546,0.43154761904761907,0.43579931972789115,0.4405824829931973,0.4570578231292517,0.4820365646258503,53_noise,Vp_exc,100,18816
0,39.0,0.4574393860108145,0.08759930629396602,0.272108843537415,0.3943452380952381,0.44642857142857145,0.5112670068027211,0.6335034013605442,54_grating,Vp_exc,25,18816
0,9.0,0.4564082577475435,0.032563499943555924,0.3985969387755102,0.4421768707482993,0.4644982993197279,0.469281462585034,0.5123299319727891,54_grating,Vp_exc,100,18816
0,39.0,0.0,0.0,0.0,0.0,0.0,0.0,0.0,55_warmup,Vp_exc,25,18816
0,9.0,0.0,0.0,0.0,0.0,0.0,0.0,0.0,55_warmup,Vp_exc,100,18816
0,39.0,0.4553135356706785,0.04214862281292291,0.3741496598639456,0.4187925170068027,0.4570578231292517,0.4836309523809524,0.548469387755102,56_noise,Vp_exc,25,18816
0,9.0,0.45215655706727137,0.011462779950158227,0.4262329931972789,0.44749149659863946,0.4549319727891156,0.45918367346938777,0.46290391156462585,56_noise,Vp_exc,100,18816
0,39.0,0.4561311704168847,0.08377831535756015,0.25510204081632654,0.4039115646258503,0.44005102040816324,0.5048894557823129,0.7206632653061225,57_grating,Vp_exc,25,18816
0,9.0,0.4561130007558579,0.03842439369163376,0.39965986394557823,0.42463860544217685,0.4522746598639456,0.4820365646258503,0.5218962585034014,57_grating,Vp_exc,100,18816
0,39.0,0.0,0.0,0.0,0.0,0.0,0.0,0.0,58_warmup,Vp_exc,25,18816
0,9.0,0.0,0.0,0.0,0.0,0.0,0.0,0.0,58_warmup,Vp_exc,100,18816
0,39.0,0.4552590266875981,0.06237561800008596,0.3039965986394558,0.429421768707483,0.46343537414965985,0.4825680272108844,0.6079931972789115,59_noise,Vp_exc,25,18816
0,9.0,0.45380999622071044,0.01910762185863207,0.4272959183673469,0.43633078231292516,0.4549319727891156,0.46343537414965985,0.4852253401360544,59_noise,Vp_exc,100,18816
0,39.0,0.4588021105878248,0.08684803113941635,0.2869897959183674,0.39753401360544216,0.44855442176870747,0.5102040816326531,0.6441326530612245,60_grating,Vp_exc,25,18816
0,9.0,0.45900651927437636,0.03221163117067531,0.4187925170068027,0.4379251700680272,0.4432397959183674,0.47884778911564624,0.5213647959183674,60_grating,Vp_exc,100,18816
0,39.0,0.0,0.0,0.0,0.0,0.0,0.0,0.0,61_warmup,Vp_exc,25,18816
0,9.0,0.0,0.0,0.0,0.0,0.0,0.0,0.0,61_warmup,Vp_exc,100,18816
0,39.0,0.44931754753183323,0.04451343269808595,0.3401360544217687,0.42091836734693877,0.4443027210884354,0.47619047619047616,0.5314625850340136,62_noise,Vp_exc,25,18816
0,9.0,0.44831821617535894,0.01335312598063348,0.41985544217687076,0.4437712585034014,0.44642857142857145,0.4581207482993197,0.46290391156462585,62_noise,Vp_exc,100,18816
0,39.0,0.4606009070294785,0.09281285365079942,0.31037414965986393,0.39328231292517,0.4655612244897959,0.5176445578231292,0.6972789115646258,63_grating,Vp_exc,25,18816
0,9.0,0.45812074829931976,0.03452666634425945,0.4171981292517007,0.429953231292517,0.4437712585034014,0.4953231292517007,0.5054209183673469,63_grating,Vp_exc,100,18816
0,39.0,0.0,0.0,0.0,0.0,0.0,0.0,0.0,64_warmup,Vp_exc,25,18816
0,9.0,0.0,0.0,0.0,0.0,0.0,0.0,0.0,64_warmup,Vp_exc,100,18816
0,39.0,0.4509528170242456,0.04119342496192272,0.3380102040816326,0.42517006802721086,0.4570578231292517,0.469812925170068,0.548469387755102,65_noise,Vp_exc,25,18816
0,9.0,0.4518613000755858,0.013149746713968744,0.4257015306122449,0.4448341836734694,0.4544005102040816,0.45865221088435376,0.46875,65_noise,Vp_exc,100,18816
0,39.0,0.46703296703296704,0.062092058589135385,0.34226190476190477,0.42835884353741494,0.46343537414965985,0.5112670068027212,0.6335034013605442,66_grating,Vp_exc,25,18816
0,9.0,0.4674508692365835,0.02588679881754763,0.430484693877551,0.45068027210884354,0.46237244897959184,0.48735119047619047,0.5064838435374149,66_grating,Vp_exc,100,18816
0,39.0,0.4516069248212106,0.052621819168267026,0.3210034013605442,0.4134778911564626,0.45918367346938777,0.4804421768707483,0.5548469387755102,68_noise,Vp_exc,25,18816
0,9.0,0.451447940287226,0.020910386984576024,0.4134778911564626,0.44802295918367346,0.4565263605442177,0.46290391156462585,0.4830994897959184,68_noise,Vp_exc,100,18816
0,39.0,0.45743938601081463,0.09132809508091924,0.195578231292517,0.39434523809523814,0.4570578231292517,0.5176445578231292,0.6420068027210885,69_grating,Vp_exc,25,18816
0,9.0,0.45386904761904767,0.03279494515958889,0.4012542517006803,0.428358843537415,0.45068027210884354,0.48628826530612246,0.4947916666666667,69_grating,Vp_exc,100,18816
0,39.0,0.0,0.0,0.0,0.0,0.0,0.0,0.0,70_warmup,Vp_exc,25,18816
0,9.0,0.0,0.0,0.0,0.0,0.0,0.0,0.0,70_warmup,Vp_exc,100,18816
0,39.0,0.45340572126286405,0.05037282947098614,0.3018707482993197,0.42410714285714285,0.4570578231292517,0.49107142857142855,0.5357142857142857,71_noise,Vp_exc,25,18816
0,9.0,0.45351473922902497,0.02075597851315743,0.4065688775510204,0.44696003401360546,0.4544005102040816,0.4660926870748299,0.47831632653061223,71_noise,Vp_exc,100,18816
0,39.0,0.45689429618001043,0.079683030579462,0.31462585034013607,0.4028486394557823,0.469812925170068,0.5017006802721089,0.6568877551020408,72_grating,Vp_exc,25,18816
0,9.0,0.45900651927437636,0.040818091114333106,0.391687925170068,0.428358843537415,0.4724702380952381,0.4830994897959184,0.5240221088435374,72_grating,Vp_exc,100,18816
0,39.0,0.44735522414093837,0.05646375712052681,0.34651360544217685,0.4049744897959184,0.44855442176870747,0.4825680272108844,0.6016156462585034,74_noise,Vp_exc,25,18816
0,9.0,0.44270833333333337,0.02396301087924212,0.39593962585034015,0.43951955782312924,0.44696003401360546,0.4544005102040816,0.46875,74_noise,Vp_exc,100,18816
0,39.0,0.45689429618001043,0.08369962086628763,0.2614795918367347,0.39965986394557823,0.46130952380952384,0.5048894557823129,0.7249149659863946,75_grating,Vp_exc,25,18816
0,9.0,0.45428240740740733,0.027059977101941645,0.41932397959183676,0.428358843537415,0.4549319727891156,0.4730017006802721,0.48841411564625853,75_grating,Vp_exc,100,18816
0,39.0,0.0,0.0,0.0,0.0,0.0,0.0,0.0,76_warmup,Vp_exc,25,18816
0,9.0,0.0,0.0,0.0,0.0,0.0,0.0,0.0,76_warmup,Vp_exc,100,18816
0,39.0,0.451007326007326,0.05021105701506693,0.3592687074829932,0.4156037414965986,0.44642857142857145,0.48894557823129253,0.5399659863945578,77_noise,Vp_exc,25,18816
0,9.0,0.45032596371882083,0.014942512669546708,0.4219812925170068,0.4443027210884354,0.45068027210884354,0.4581207482993197,0.4730017006802721,77_noise,Vp_exc,100,18816
0,39.0,0.46447104482818763,0.08503663143078126,0.28061224489795916,0.4017857142857143,0.46343537414965985,0.5112670068027211,0.6356292517006803,78_grating,Vp_exc,25,18816
0,9.0,0.46201814058956914,0.030219852393215656,0.41932397959183676,0.4320790816326531,0.4650297619047619,0.49000850340136054,0.4942602040816326,78_grating,Vp_exc,100,18816
0,39.0,0.0,0.0,0.0,0.0,0.0,0.0,0.0,79_warmup,Vp_exc,25,18816
0,9.0,0.0,0.0,0.0,0.0,0.0,0.0,0.0,79_warmup,Vp_exc,100,18816
0,39.0,0.45024420024420014,0.047073317896987626,0.3677721088435374,0.41666666666666663,0.4421768707482993,0.48575680272108845,0.5420918367346939,80_noise,Vp_exc,25,18816
0,9.0,0.4504440665154951,0.01862226831918636,0.41985544217687076,0.43898809523809523,0.4448341836734694,0.46662414965986393,0.47565901360544216,80_noise,Vp_exc,100,18816
0,39.0,0.4571668410954125,0.06880587284032484,0.350765306122449,0.4017857142857143,0.44855442176870747,0.49744897959183676,0.6568877551020408,81_grating,Vp_exc,25,18816
0,9.0,0.4571759259259259,0.017519690067610463,0.4336734693877551,0.4453656462585034,0.45918367346938777,0.4724702380952381,0.4836309523809524,81_grating,Vp_exc,100,18816
0,39.0,0.44779129600558176,0.04113364191332446,0.352891156462585,0.4262329931972789,0.4528061224489796,0.4719387755102041,0.546343537414966,83_noise,Vp_exc,25,18816
0,9.0,0.4475505479969766,0.01096747585668502,0.4320790816326531,0.4405824829931973,0.4458971088435374,0.4522746598639456,0.4655612244897959,83_noise,Vp_exc,100,18816
0,39.0,0.45934720041862886,0.07984554794565818,0.2699829931972789,0.41879251700680276,0.4570578231292517,0.4942602040816326,0.6675170068027211,84_grating,Vp_exc,25,18816
0,9.0,0.46001039304610736,0.030413304694829255,0.429953231292517,0.43579931972789115,0.44696003401360546,0.49053996598639454,0.5048894557823129,84_grating,Vp_exc,100,18816
0,39.0,0.0,0.0,0.0,0.0,0.0,0.0,0.0,85_warmup,Vp_exc,25,18816
0,9.0,0.0,0.0,0.0,0.0,0.0,0.0,0.0,85_warmup,Vp_exc,100,18816
0,39.0,0.4567307692307692,0.049878357890510844,0.36139455782312924,0.41985544217687076,0.4719387755102041,0.48894557823129253,0.546343537414966,86_noise,Vp_exc,25,18816
0,9.0,0.45392809901738473,0.013870166617817026,0.4373937074829932,0.44005102040816324,0.4554634353741497,0.4644982993197279,0.47512755102040816,86_noise,Vp_exc,100,18816
0,39.0,0.4647980987266702,0.09823260145898423,0.274234693877551,0.4145408163265306,0.44642857142857145,0.5006377551020409,0.7355442176870748,87_grating,Vp_exc,25,18816
0,9.0,0.4669194066515495,0.03469102545387618,0.4320790816326531,0.4427083333333333,0.45918367346938777,0.47831632653061223,0.5229591836734694,87_grating,Vp_exc,100,18816
0,39.0,0.0,0.0,0.0,0.0,0.0,0.0,0.0,88_warmup,Vp_exc,25,18816
0,9.0,0.0,0.0,0.0,0.0,0.0,0.0,0.0,88_warmup,Vp_exc,100,18816
0,39.0,0.4515524158381301,0.04383561555206118,0.36989795918367346,0.4187925170068027,0.4421768707482993,0.4815051020408163,0.54421768707483,89_noise,Vp_exc,25,18816
0,9.0,0.4513298374905518,0.02068573939508846,0.41294642857142855,0.4432397959183674,0.4565263605442177,0.468218537414966,0.47565901360544216,89_noise,Vp_exc,100,18816
0,39.0,0.4607644339787197,0.09065478022466958,0.22959183673469388,0.4007227891156463,0.469812925170068,0.5112670068027211,0.7334183673469388,90_grating,Vp_exc,25,18816
0,9.0,0.4587112622826909,0.024612003686177955,0.4171981292517007,0.4533375850340136,0.4644982993197279,0.47406462585034015,0.48788265306122447,90_grating,Vp_exc,100,18816
0,39.0,5.866940170940172,0.8031171539650691,3.978666666666667,5.376,5.866666666666666,6.272,7.626666666666667,02_noise,Vp_inh,25,3750
0,9.0,5.854222222222222,0.5049550034959112,5.365333333333333,5.594666666666667,5.672,5.88,6.933333333333334,02_noise,Vp_inh,100,3750
0,39.0,5.373538461538461,1.377364668669603,2.272,4.389333333333333,5.248,6.2026666666666666,8.661333333333333,03_grating,Vp_inh,25,3750
0,9.0,5.383407407407407,1.0040201660460615,3.7786666666666666,4.698666666666667,5.237333333333333,6.066666666666666,7.005333333333334,03_grating,Vp_inh,100,3750
0,39.0,0.0,0.0,0.0,0.0,0.0,0.0,0.0,04_warmup,Vp_inh,25,3750
0,9.0,0.0,0.0,0.0,0.0,0.0,0.0,0.0,04_warmup,Vp_inh,100,3750
0,39.0,7.030153846153844,0.898140749614368,5.056,6.448,7.018666666666666,7.562666666666667,8.928,05_noise,Vp_inh,25,3750
0,9.0,6.973925925925926,0.2700774465972563,6.648,6.810666666666667,6.957333333333334,6.978666666666666,7.501333333333333,05_noise,Vp_inh,100,3750
0,39.0,5.264136752136752,1.20383417850829,2.965333333333333,4.384,5.344,6.042666666666666,9.322666666666667,06_grating,Vp_inh,25,3750
0,9.0,5.2776296296296294,0.49811813760627666,4.44,4.965333333333334,5.285333333333333,5.605333333333333,6.058666666666666,06_grating,Vp_inh,100,3750
0,39.0,0.0,0.0,0.0,0.0,0.0,0.0,0.0,07_warmup,Vp_inh,25,3750
0,9.0,0.0,0.0,0.0,0.0,0.0,0.0,0.0,07_warmup,Vp_inh,100,3750
0,39.0,7.067623931623932,0.8753295492345057,5.301333333333333,6.565333333333333,6.965333333333334,7.578666666666667,9.301333333333334,08_noise,Vp_inh,25,3750
0,9.0,7.051851851851852,0.2717911325872984,6.592,6.8773333333333335,7.085333333333334,7.229333333333333,7.490666666666667,08_noise,Vp_inh,100,3750
0,39.0,5.4796581196581196,1.0344957680324618,3.6906666666666665,4.842666666666666,5.290666666666667,6.138666666666667,8.064,09_grating,Vp_inh,25,3750
0,9.0,5.489777777777777,0.5860041713920551,4.445333333333333,5.282666666666667,5.48,5.8293333333333335,6.344,09_grating,Vp_inh,100,3750
0,39.0,6.958769230769232,0.7451276987533029,4.714666666666667,6.592,6.933333333333334,7.381333333333334,8.384,11_noise,Vp_inh,25,3750
0,9.0,6.938370370370371,0.2969427762140024,6.426666666666667,6.76,6.914666666666666,7.1146666666666665,7.464,11_noise,Vp_inh,100,3750
0,39.0,5.117811965811966,1.0838563806017751,2.8373333333333335,4.453333333333333,5.0986666666666665,5.728,7.264,12_grating,Vp_inh,25,3750
0,9.0,5.1454814814814815,0.6040737425345957,4.064,4.808,5.1866666666666665,5.664,6.002666666666666,12_grating,Vp_inh,100,3750
0,39.0,0.0,0.0,0.0,0.0,0.0,0.0,0.0,13_warmup,Vp_inh,25,3750
0,9.0,0.0,0.0,0.0,0.0,0.0,0.0,0.0,13_warmup,Vp_inh,100,3750
0,39.0,7.0449230769230775,0.7872018491067376,4.992,6.5920000000000005,7.018666666666666,7.568,8.938666666666666,14_noise,Vp_inh,25,3750
0,9.0,7.094222222222222,0.4425280907593449,6.546666666666667,6.714666666666667,6.946666666666666,7.368,7.890666666666666,14_noise,Vp_inh,100,3750
0,39.0,5.165128205128204,1.111755685999908,3.018666666666667,4.554666666666667,5.088,5.616,8.149333333333333,15_grating,Vp_inh,25,3750
0,9.0,5.144592592592592,0.6395509226918912,4.528,4.578666666666667,4.786666666666667,5.752,6.189333333333333,15_grating,Vp_inh,100,3750
0,39.0,0.0,0.0,0.0,0.0,0.0,0.0,0.0,16_warmup,Vp_inh,25,3750
0,9.0,0.0,0.0,0.0,0.0,0.0,0.0,0.0,16_warmup,Vp_inh,100,3750
0,39.0,7.099350427350428,0.6353552855539895,5.9093333333333335,6.5120000000000005,7.1466666666666665,7.557333333333333,8.298666666666668,17_noise,Vp_inh,25,3750
0,9.0,7.12325925925926,0.21336573827961466,6.72,7.048,7.152,7.304,7.386666666666667,17_noise,Vp_inh,100,3750
0,39.0,5.331965811965811,1.1729024522709082,3.232,4.586666666666667,5.237333333333333,6.112,8.586666666666666,18_grating,Vp_inh,25,3750
0,9.0,5.363851851851852,0.7516986525181023,4.093333333333334,4.8533333333333335,5.197333333333333,5.970666666666666,6.488,18_grating,Vp_inh,100,3750
0,39.0,0.0,0.0,0.0,0.0,0.0,0.0,0.0,19_warmup,Vp_inh,25,3750
0,9.0,0.0,0.0,0.0,0.0,0.0,0.0,0.0,19_warmup,Vp_inh,100,3750
0,39.0,7.012923076923079,0.8813432679242689,4.8,6.640000000000001,7.029333333333334,7.541333333333334,8.874666666666666,20_noise,Vp_inh,25,3750
0,9.0,7.043851851851851,0.4098977891265873,6.661333333333333,6.717333333333333,6.8613333333333335,7.506666666666667,7.648,20_noise,Vp_inh,100,3750
0,39.0,5.158564102564101,1.1877282609891526,2.88,4.197333333333333,5.269333333333333,5.968,8.245333333333333,21_grating,Vp_inh,25,3750
0,9.0,5.19437037037037,0.7392554145227715,3.957333333333333,4.642666666666667,4.994666666666666,5.7973333333333334,6.136,21_grating,Vp_inh,100,3750
0,39.0,0.0,0.0,0.0,0.0,0.0,0.0,0.0,22_warmup,Vp_inh,25,3750
0,9.0,0.0,0.0,0.0,0.0,0.0,0.0,0.0,22_warmup,Vp_inh,100,3750
0,39.0,6.932239316239316,0.9904648974852149,4.16,6.496,6.773333333333333,7.498666666666667,8.938666666666666,23_noise,Vp_inh,25,3750
0,9.0,6.92237037037037,0.36915866975704376,6.394666666666667,6.605333333333333,7.058666666666666,7.210666666666667,7.437333333333333,23_noise,Vp_inh,100,3750
0,39.0,5.393504273504273,1.1847065688266536,3.0933333333333333,4.565333333333333,5.333333333333333,6.101333333333333,8.352,24_grating,Vp_inh,25,3750
0,9.0,5.403555555555555,0.8067900732050576,4.4,4.890666666666666,5.08,5.8613333333333335,6.704,24_grating,Vp_inh,100,3750
0,39.0,0.0,0.0,0.0,0.0,0.0,0.0,0.0,25_warmup,Vp_inh,25,3750
0,9.0,0.0,0.0,0.0,0.0,0.0,0.0,0.0,25_warmup,Vp_inh,100,3750
0,39.0,6.912,0.8731111542749287,4.64,6.448,6.912,7.466666666666667,8.853333333333333,26_noise,Vp_inh,25,3750
0,9.0,6.931851851851851,0.33675605707293327,6.424,6.672,7.032,7.088,7.44,26_noise,Vp_inh,100,3750
0,39.0,5.164034188034188,0.98777195025016,3.530666666666667,4.645333333333333,5.066666666666666,5.573333333333333,8.48,27_grating,Vp_inh,25,3750
0,9.0,5.147851851851852,0.5209224486724143,4.386666666666667,4.8213333333333335,5.024,5.458666666666667,5.968,27_grating,Vp_inh,100,3750
0,39.0,0.0,0.0,0.0,0.0,0.0,0.0,0.0,28_warmup,Vp_inh,25,3750
0,9.0,0.0,0.0,0.0,0.0,0.0,0.0,0.0,28_warmup,Vp_inh,100,3750
0,39.0,6.951384615384615,0.953308935825898,4.917333333333334,6.277333333333333,6.944,7.621333333333333,8.736,29_noise,Vp_inh,25,3750
0,9.0,6.997037037037036,0.40932995534859035,6.522666666666667,6.602666666666667,7.010666666666666,7.312,7.586666666666667,29_noise,Vp_inh,100,3750
0,39.0,5.293948717948717,1.3995090148623772,1.6533333333333333,4.352,5.237333333333333,6.144,9.322666666666667,30_grating,Vp_inh,25,3750
0,9.0,5.256592592592592,1.0110190922718876,4.16,4.474666666666667,4.757333333333333,6.24,6.658666666666667,30_grating,Vp_inh,100,3750
0,39.0,0.0,0.0,0.0,0.0,0.0,0.0,0.0,31_warmup,Vp_inh,25,3750
0,9.0,0.0,0.0,0.0,0.0,0.0,0.0,0.0,31_warmup,Vp_inh,100,3750
0,39.0,7.052307692307693,0.6711151555111948,5.8773333333333335,6.48,7.04,7.637333333333333,8.8,32_noise,Vp_inh,25,3750
0,9.0,7.0420740740740735,0.4356732267351612,6.405333333333333,6.8,7.077333333333334,7.181333333333333,7.634666666666667,32_noise,Vp_inh,100,3750
0,39.0,5.294222222222222,1.5049201283100018,2.474666666666667,4.453333333333333,5.141333333333334,6.208,10.410666666666666,33_grating,Vp_inh,25,3750
0,9.0,5.258074074074075,0.847324445563435,4.053333333333334,4.781333333333333,5.141333333333334,5.8053333333333335,6.890666666666666,33_grating,Vp_inh,100,3750
0,39.0,0.0,0.0,0.0,0.0,0.0,0.0,0.0,34_warmup,Vp_inh,25,3750
0,9.0,0.0,0.0,0.0,0.0,0.0,0.0,0.0,34_warmup,Vp_inh,100,3750
0,39.0,6.910905982905984,0.6755674502350332,5.408,6.5120000000000005,6.890666666666666,7.317333333333333,8.512,35_noise,Vp_inh,25,3750
0,9.0,6.895407407407408,0.2995664356744862,6.378666666666667,6.776,6.856,7.048,7.338666666666667,35_noise,Vp_inh,100,3750
0,39.0,5.324307692307692,1.2146832845566684,2.944,4.746666666666666,5.066666666666666,6.032,9.76,36_grating,Vp_inh,25,3750
0,9.0,5.281777777777777,0.7640907450471226,4.389333333333333,4.749333333333333,5.1866666666666665,5.722666666666667,6.658666666666667,36_grating,Vp_inh,100,3750
0,39.0,0.0,0.0,0.0,0.0,0.0,0.0,0.0,37_warmup,Vp_inh,25,3750
0,9.0,0.0,0.0,0.0,0.0,0.0,0.0,0.0,37_warmup,Vp_inh,100,3750
0,39.0,7.1551452991453,0.7112194609313199,5.28,6.858666666666666,7.306666666666667,7.664,8.213333333333333,38_noise,Vp_inh,25,3750
0,9.0,7.201777777777778,0.2814565291084537,6.816,7.005333333333334,7.125333333333334,7.328,7.634666666666667,38_noise,Vp_inh,100,3750
0,39.0,5.323213675213675,1.477477626684048,2.538666666666667,4.661333333333333,5.226666666666667,5.978666666666667,9.738666666666667,39_grating,Vp_inh,25,3750
0,9.0,5.312592592592592,1.158885117709854,3.944,4.250666666666667,5.181333333333333,5.986666666666666,7.285333333333333,39_grating,Vp_inh,100,3750
0,39.0,0.0,0.0,0.0,0.0,0.0,0.0,0.0,40_warmup,Vp_inh,25,3750
0,9.0,0.0,0.0,0.0,0.0,0.0,0.0,0.0,40_warmup,Vp_inh,100,3750
0,39.0,6.883008547008548,0.7628205413382622,4.8,6.432,6.997333333333334,7.381333333333334,8.352,41_noise,Vp_inh,25,3750
0,9.0,6.825481481481482,0.4340181483376241,6.1466666666666665,6.6,6.930666666666666,6.970666666666666,7.472,41_noise,Vp_inh,100,3750
0,39.0,5.402803418803418,1.5370228013656235,2.6773333333333333,4.5280000000000005,5.237333333333333,6.154666666666667,10.944,42_grating,Vp_inh,25,3750
0,9.0,5.416888888888889,1.0551427496894543,4.1066666666666665,4.696,5.309333333333333,6.346666666666667,7.1306666666666665,42_grating,Vp_inh,100,3750
0,39.0,0.0,0.0,0.0,0.0,0.0,0.0,0.0,43_warmup,Vp_inh,25,3750
0,9.0,0.0,0.0,0.0,0.0,0.0,0.0,0.0,43_warmup,Vp_inh,100,3750
0,39.0,7.033709401709403,0.699219143335162,5.664,6.56,7.061333333333334,7.498666666666667,9.024,44_noise,Vp_inh,25,3750
0,9.0,7.023111111111111,0.2741516206611064,6.453333333333333,6.997333333333334,7.034666666666666,7.104,7.416,44_noise,Vp_inh,100,3750
0,39.0,5.430153846153846,1.4953117413364605,2.933333333333333,4.522666666666666,5.344,6.208,10.901333333333334,45_grating,Vp_inh,25,3750
0,9.0,5.374814814814815,0.8351022410977113,4.1226666666666665,4.8693333333333335,5.274666666666667,5.730666666666667,6.808,45_grating,Vp_inh,100,3750
0,39.0,0.0,0.0,0.0,0.0,0.0,0.0,0.0,46_warmup,Vp_inh,25,3750
0,9.0,0.0,0.0,0.0,0.0,0.0,0.0,0.0,46_warmup,Vp_inh,100,3750
0,39.0,7.025777777777776,0.6556100205345714,6.0906666666666665,6.490666666666667,6.858666666666666,7.546666666666667,8.288,47_noise,Vp_inh,25,3750
0,9.0,7.046814814814815,0.33850681558504964,6.514666666666667,6.84,7.1146666666666665,7.282666666666667,7.533333333333333,47_noise,Vp_inh,100,3750
0,39.0,5.240068376068376,1.460902419137779,2.7306666666666666,4.266666666666667,5.173333333333333,6.117333333333333,10.165333333333333,48_grating,Vp_inh,25,3750
0,9.0,5.185481481481482,1.0269178143994115,3.6826666666666665,4.530666666666667,5.029333333333334,5.8293333333333335,6.954666666666666,48_grating,Vp_inh,100,3750
0,39.0,0.0,0.0,0.0,0.0,0.0,0.0,0.0,49_warmup,Vp_inh,25,3750
0,9.0,0.0,0.0,0.0,0.0,0.0,0.0,0.0,49_warmup,Vp_inh,100,3750
0,39.0,6.910358974358975,0.7794834973987897,5.397333333333333,6.330666666666667,6.890666666666666,7.424,8.64,50_noise,Vp_inh,25,3750
0,9.0,6.888296296296297,0.379724916677427,6.328,6.578666666666667,6.896,7.096,7.490666666666667,50_noise,Vp_inh,100,3750
0,39.0,5.167863247863248,1.1234776332898775,3.104,4.298666666666667,5.152,5.957333333333333,8.010666666666667,51_grating,Vp_inh,25,3750
0,9.0,5.12237037037037,0.8147107947071437,3.997333333333333,4.584,5.016,5.858666666666666,6.429333333333333,51_grating,Vp_inh,100,3750
0,39.0,0.0,0.0,0.0,0.0,0.0,0.0,0.0,52_warmup,Vp_inh,25,3750
0,9.0,0.0,0.0,0.0,0.0,0.0,0.0,0.0,52_warmup,Vp_inh,100,3750
0,39.0,7.024957264957266,0.8929931768581043,4.970666666666666,6.474666666666667,7.050666666666666,7.818666666666667,8.544,53_noise,Vp_inh,25,3750
0,9.0,7.022222222222222,0.40105195008460776,6.384,6.816,6.976,7.24,7.634666666666667,53_noise,Vp_inh,100,3750
0,39.0,5.213264957264957,1.1339237243948725,3.6373333333333333,4.368,4.938666666666666,5.701333333333333,7.914666666666666,54_grating,Vp_inh,25,3750
0,9.0,5.186962962962963,0.6820953917574799,4.165333333333334,5.064,5.1626666666666665,5.485333333333333,6.136,54_grating,Vp_inh,100,3750
0,39.0,0.0,0.0,0.0,0.0,0.0,0.0,0.0,55_warmup,Vp_inh,25,3750
0,9.0,0.0,0.0,0.0,0.0,0.0,0.0,0.0,55_warmup,Vp_inh,100,3750
0,39.0,6.996512820512821,0.7019529392522522,5.525333333333333,6.501333333333333,7.082666666666666,7.418666666666667,8.224,56_noise,Vp_inh,25,3750
0,9.0,6.928888888888888,0.19851000534537847,6.474666666666667,6.922666666666666,6.978666666666666,6.989333333333334,7.189333333333333,56_noise,Vp_inh,100,3750
0,39.0,5.2608547008547015,1.302819236775655,2.9226666666666667,4.464,5.034666666666666,5.973333333333334,10.24,57_grating,Vp_inh,25,3750
0,9.0,5.257481481481481,0.8340712584650851,4.330666666666667,4.76,5.056,5.770666666666667,6.864,57_grating,Vp_inh,100,3750
0,39.0,0.0,0.0,0.0,0.0,0.0,0.0,0.0,58_warmup,Vp_inh,25,3750
0,9.0,0.0,0.0,0.0,0.0,0.0,0.0,0.0,58_warmup,Vp_inh,100,3750
0,39.0,7.132991452991455,0.9568789772578393,5.066666666666666,6.666666666666666,7.253333333333333,7.616,8.906666666666666,59_noise,Vp_inh,25,3750
0,9.0,7.149925925925926,0.3462350589547262,6.693333333333333,6.8213333333333335,7.197333333333333,7.346666666666667,7.669333333333333,59_noise,Vp_inh,100,3750
0,39.0,5.258940170940171,1.3271694429289784,3.050666666666667,4.298666666666667,5.056,6.101333333333333,9.898666666666667,60_grating,Vp_inh,25,3750
0,9.0,5.240888888888889,0.8986943615910558,4.144,4.48,4.9093333333333335,5.898666666666666,6.616,60_grating,Vp_inh,100,3750
0,39.0,0.0,0.0,0.0,0.0,0.0,0.0,0.0,61_warmup,Vp_inh,25,3750
0,9.0,0.0,0.0,0.0,0.0,0.0,0.0,0.0,61_warmup,Vp_inh,100,3750
0,39.0,6.91391452991453,0.8117292087217866,5.354666666666667,6.581333333333333,6.986666666666666,7.221333333333333,8.938666666666666,62_noise,Vp_inh,25,3750
0,9.0,6.91437037037037,0.27399414249844234,6.450666666666667,6.626666666666667,7.037333333333334,7.1226666666666665,7.189333333333333,62_noise,Vp_inh,100,3750
0,39.0,5.367247863247862,1.3167129654705678,3.082666666666667,4.330666666666667,5.173333333333333,6.165333333333333,8.864,63_grating,Vp_inh,25,3750
0,9.0,5.330962962962963,0.8638008458172336,4.232,4.736,4.8853333333333335,5.997333333333334,6.773333333333333,63_grating,Vp_inh,100,3750
0,39.0,0.0,0.0,0.0,0.0,0.0,0.0,0.0,64_warmup,Vp_inh,25,3750
0,9.0,0.0,0.0,0.0,0.0,0.0,0.0,0.0,64_warmup,Vp_inh,100,3750
0,39.0,6.958495726495726,0.7333406812701841,5.333333333333333,6.421333333333333,6.986666666666666,7.52,8.48,65_noise,Vp_inh,25,3750
0,9.0,6.946074074074074,0.23824087820813367,6.672,6.757333333333333,6.864,7.1706666666666665,7.264,65_noise,Vp_inh,100,3750
0,39.0,5.524512820512821,1.052871878284709,3.744,4.992,5.525333333333333,6.058666666666667,8.981333333333334,66_grating,Vp_inh,25,3750
0,9.0,5.565037037037038,0.6158043620710064,4.325333333333333,5.24,5.594666666666667,6.024,6.341333333333333,66_grating,Vp_inh,100,3750
0,39.0,0.0,0.0,0.0,0.0,0.0,0.0,0.0,67_warmup,Vp_inh,25,3750
0,9.0,0.0,0.0,0.0,0.0,0.0,0.0,0.0,67_warmup,Vp_inh,100,3750
0,39.0,7.014564102564104,0.776254337328509,5.184,6.522666666666666,7.04,7.653333333333333,8.512,68_noise,Vp_inh,25,3750
0,9.0,6.994962962962963,0.3299331769230975,6.426666666666667,6.848,7.0986666666666665,7.258666666666667,7.392,68_noise,Vp_inh,100,3750
0,39.0,5.2332307692307705,1.206658151937212,2.272,4.597333333333333,5.109333333333334,5.968,8.810666666666666,69_grating,Vp_inh,25,3750
0,9.0,5.184296296296297,0.8560129224823596,4.1466666666666665,4.661333333333333,5.061333333333334,5.938666666666666,6.536,69_grating,Vp_inh,100,3750
0,39.0,0.0,0.0,0.0,0.0,0.0,0.0,0.0,70_warmup,Vp_inh,25,3750
0,9.0,0.0,0.0,0.0,0.0,0.0,0.0,0.0,70_warmup,Vp_inh,100,3750
0,39.0,7.100991452991453,0.9482191726284757,5.013333333333334,6.570666666666666,7.050666666666666,7.824,8.672,71_noise,Vp_inh,25,3750
0,9.0,7.089777777777779,0.3942790889712515,6.485333333333333,6.824,7.210666666666667,7.330666666666667,7.610666666666667,71_noise,Vp_inh,100,3750
0,39.0,5.278358974358974,1.2734041483583405,2.976,4.613333333333333,5.237333333333333,5.930666666666667,9.237333333333334,72_grating,Vp_inh,25,3750
0,9.0,5.3096296296296295,0.9551018044115105,4.018666666666666,4.616,5.074666666666666,6.229333333333333,6.616,72_grating,Vp_inh,100,3750
0,39.0,6.881367521367522,0.9615992277574955,5.024,6.250666666666667,6.773333333333333,7.402666666666667,9.013333333333334,74_noise,Vp_inh,25,3750
0,9.0,6.7869629629629635,0.5100212534908183,6.077333333333334,6.250666666666667,6.946666666666666,7.176,7.370666666666667,74_noise,Vp_inh,100,3750
0,39.0,5.285196581196581,1.3023105259318593,2.453333333333333,4.570666666666667,5.184,5.861333333333333,10.346666666666666,75_grating,Vp_inh,25,3750
0,9.0,5.24888888888889,0.6456720873976545,4.373333333333333,4.786666666666667,5.058666666666666,5.656,6.429333333333333,75_grating,Vp_inh,100,3750
0,39.0,6.997059829059831,0.7928437339001713,5.418666666666667,6.469333333333333,7.04,7.562666666666667,8.8,77_noise,Vp_inh,25,3750
0,9.0,6.9437037037037035,0.2802171997082722,6.597333333333333,6.704,6.872,7.2026666666666666,7.32,77_noise,Vp_inh,100,3750
0,39.0,5.511384615384615,1.35951865737734,2.3253333333333335,4.8373333333333335,5.546666666666667,6.021333333333333,9.013333333333334,78_grating,Vp_inh,25,3750
0,9.0,5.473481481481481,0.8260439709696503,4.485333333333333,4.810666666666667,5.309333333333333,6.082666666666666,6.68,78_grating,Vp_inh,100,3750
0,39.0,0.0,0.0,0.0,0.0,0.0,0.0,0.0,79_warmup,Vp_inh,25,3750
0,9.0,0.0,0.0,0.0,0.0,0.0,0.0,0.0,79_warmup,Vp_inh,100,3750
0,39.0,7.068444444444444,0.778006288904562,5.504,6.432,6.88,7.637333333333333,8.725333333333333,80_noise,Vp_inh,25,3750
0,9.0,7.063111111111111,0.36289208680634893,6.450666666666667,6.882666666666666,7.0986666666666665,7.248,7.669333333333333,80_noise,Vp_inh,100,3750
0,39.0,5.306529914529913,1.119828549737288,3.552,4.405333333333333,5.258666666666667,6.08,9.12,81_grating,Vp_inh,25,3750
0,9.0,5.3268148148148144,0.493007299673001,4.672,5.069333333333334,5.1626666666666665,5.664,6.144,81_grating,Vp_inh,100,3750
0,39.0,0.0,0.0,0.0,0.0,0.0,0.0,0.0,82_warmup,Vp_inh,25,3750
0,9.0,0.0,0.0,0.0,0.0,0.0,0.0,0.0,82_warmup,Vp_inh,100,3750
0,39.0,6.80451282051282,0.6128236337788048,5.589333333333333,6.245333333333333,6.88,7.226666666666667,7.936,83_noise,Vp_inh,25,3750
0,9.0,6.806518518518519,0.17365155973250246,6.549333333333333,6.714666666666667,6.744,6.976,7.029333333333334,83_noise,Vp_inh,100,3750
0,39.0,5.328957264957265,1.2693939963654692,2.6346666666666665,4.72,5.376,6.1066666666666665,9.269333333333334,84_grating,Vp_inh,25,3750
0,9.0,5.33511111111111,0.8517255687393942,4.421333333333333,4.704,5.197333333333333,5.922666666666666,6.906666666666666,84_grating,Vp_inh,100,3750
0,39.0,0.0,0.0,0.0,0.0,0.0,0.0,0.0,85_warmup,Vp_inh,25,3750
0,9.0,0.0,0.0,0.0,0.0,0.0,0.0,0.0,85_warmup,Vp_inh,100,3750
0,39.0,7.053128205128205,0.8885250825453329,5.12,6.506666666666667,7.157333333333334,7.445333333333333,9.184,86_noise,Vp_inh,25,3750
0,9.0,7.001185185185186,0.4477461803023099,6.456,6.712,6.973333333333334,7.205333333333333,7.794666666666667,86_noise,Vp_inh,100,3750
0,39.0,5.417025641025642,1.4917977838769592,2.88,4.709333333333333,5.312,5.856,10.4,87_grating,Vp_inh,25,3750
0,9.0,5.478518518518519,0.8152110686317705,4.293333333333333,5.010666666666666,5.048,6.224,6.717333333333333,87_grating,Vp_inh,100,3750
0,39.0,0.0,0.0,0.0,0.0,0.0,0.0,0.0,88_warmup,Vp_inh,25,3750
0,9.0,0.0,0.0,0.0,0.0,0.0,0.0,0.0,88_warmup,Vp_inh,100,3750
0,39.0,7.050393162393162,0.7370954966488988,5.781333333333333,6.538666666666666,7.029333333333334,7.365333333333333,9.130666666666666,89_noise,Vp_inh,25,3750
0,9.0,7.073185185185185,0.42820786460391175,6.293333333333333,6.858666666666666,6.981333333333334,7.445333333333333,7.64,89_noise,Vp_inh,100,3750
0,39.0,5.348102564102564,1.2092954358601053,2.624,4.810666666666666,5.408,5.8613333333333335,9.056,90_grating,Vp_inh,25,3750
0,9.0,5.331555555555556,0.5075220849053437,4.592,4.914666666666666,5.496,5.68,6.149333333333334,90_grating,Vp_inh,100,3750
0,39.0,28.603418803418798,1.6251312564496931,25.333333333333332,27.65,28.541666666666668,29.645833333333336,32.88333333333333,02_noise,Tp,25,4800
0,9.0,28.585416666666667,0.5933871332701405,27.845833333333335,28.360416666666666,28.570833333333333,28.772916666666667,29.720833333333335,02_noise,Tp,100,4800
0,39.0,30.755341880341877,3.0697141651105864,26.766666666666666,29.058333333333334,29.766666666666666,31.0375,39.175,03_grating,Tp,25,4800
0,9.0,30.81134259259259,3.1394591035044797,28.175,29.114583333333332,29.479166666666668,30.80625,37.791666666666664,03_grating,Tp,100,4800
0,39.0,0.0,0.0,0.0,0.0,0.0,0.0,0.0,04_warmup,Tp,25,4800
0,9.0,0.0,0.0,0.0,0.0,0.0,0.0,0.0,04_warmup,Tp,100,4800
0,39.0,27.901923076923076,1.1895138533776808,25.425,27.1625,27.941666666666666,28.3625,30.975,05_noise,Tp,25,4800
0,9.0,27.889814814814816,0.6336702814996645,27.302083333333332,27.364583333333332,27.78125,28.127083333333335,28.891666666666666,05_noise,Tp,100,4800
0,39.0,30.616025641025633,2.4858976403449526,26.658333333333335,29.1625,30.15,31.175,37.425,06_grating,Tp,25,4800
0,9.0,30.734722222222224,2.2615137506644634,29.075,29.33125,29.76875,31.070833333333333,36.00416666666667,06_grating,Tp,100,4800
0,39.0,0.0,0.0,0.0,0.0,0.0,0.0,0.0,07_warmup,Tp,25,4800
0,9.0,0.0,0.0,0.0,0.0,0.0,0.0,0.0,07_warmup,Tp,100,4800
0,39.0,27.808974358974353,1.631310715765706,24.266666666666666,26.983333333333334,27.641666666666666,28.84583333333333,31.183333333333334,08_noise,Tp,25,4800
0,9.0,27.74212962962963,0.9798915633310377,26.20625,27.210416666666667,27.660416666666666,28.285416666666666,29.504166666666666,08_noise,Tp,100,4800
0,39.0,30.541452991453,2.6712340868423814,27.15,28.183333333333334,30.091666666666665,31.958333333333332,37.3,09_grating,Tp,25,4800
0,9.0,30.727777777777778,2.221799791663531,28.7625,29.239583333333332,29.86875,31.347916666666666,34.82083333333333,09_grating,Tp,100,4800
0,39.0,0.0,0.0,0.0,0.0,0.0,0.0,0.0,10_warmup,Tp,25,4800
0,9.0,0.0,0.0,0.0,0.0,0.0,0.0,0.0,10_warmup,Tp,100,4800
0,39.0,27.921581196581194,1.352311101093255,24.783333333333335,27.258333333333333,27.891666666666666,28.775,30.533333333333335,11_noise,Tp,25,4800
0,9.0,27.9662037037037,0.7363019766966175,26.4375,27.54375,28.39375,28.479166666666668,28.664583333333333,11_noise,Tp,100,4800
0,39.0,30.58076923076923,2.4663178050526184,27.025,28.541666666666668,30.091666666666665,31.6625,36.416666666666664,12_grating,Tp,25,4800
0,9.0,30.74722222222222,2.0932646099885597,28.954166666666666,29.441666666666666,30.108333333333334,30.202083333333334,34.795833333333334,12_grating,Tp,100,4800
0,39.0,0.0,0.0,0.0,0.0,0.0,0.0,0.0,13_warmup,Tp,25,4800
0,9.0,0.0,0.0,0.0,0.0,0.0,0.0,0.0,13_warmup,Tp,100,4800
0,39.0,28.119658119658123,1.2848113031571398,25.933333333333334,27.129166666666666,28.158333333333335,29.020833333333336,32.016666666666666,14_noise,Tp,25,4800
0,9.0,28.138194444444444,0.36980780481217573,27.2125,28.108333333333334,28.21875,28.33125,28.45625,14_noise,Tp,100,4800
0,39.0,30.58696581196581,2.7320839804064225,25.525,28.866666666666667,30.083333333333332,32.412499999999994,37.03333333333333,15_grating,Tp,25,4800
0,9.0,30.64837962962963,2.4242013418910227,28.064583333333335,29.44375,29.9125,30.058333333333334,35.60208333333333,15_grating,Tp,100,4800
0,39.0,0.0,0.0,0.0,0.0,0.0,0.0,0.0,16_warmup,Tp,25,4800
0,9.0,0.0,0.0,0.0,0.0,0.0,0.0,0.0,16_warmup,Tp,100,4800
0,39.0,27.931196581196584,1.2515395752001204,26.0,26.77916666666667,28.15,28.95,30.483333333333334,17_noise,Tp,25,4800
0,9.0,27.955092592592592,0.7341401154445507,27.060416666666665,27.25625,27.885416666666668,28.654166666666665,28.879166666666666,17_noise,Tp,100,4800
0,39.0,30.25149572649573,2.764368941101226,26.625,28.620833333333334,29.391666666666666,30.4625,37.00833333333333,18_grating,Tp,25,4800
0,9.0,30.431018518518517,2.5953263375200635,28.972916666666666,28.997916666666665,29.15,29.8625,36.15208333333333,18_grating,Tp,100,4800
0,39.0,0.0,0.0,0.0,0.0,0.0,0.0,0.0,19_warmup,Tp,25,4800
0,9.0,0.0,0.0,0.0,0.0,0.0,0.0,0.0,19_warmup,Tp,100,4800
0,39.0,28.31901709401709,1.5044973378062814,25.216666666666665,27.433333333333334,28.216666666666665,29.275,31.308333333333334,20_noise,Tp,25,4800
0,9.0,28.476157407407406,0.828648361293488,26.808333333333334,27.872916666666665,28.804166666666667,28.897916666666667,29.566666666666666,20_noise,Tp,100,4800
0,39.0,30.892307692307693,2.1597463577315263,26.983333333333334,29.758333333333333,30.266666666666666,31.47083333333333,35.725,21_grating,Tp,25,4800
0,9.0,31.021759259259266,1.974083964535322,29.191666666666666,30.170833333333334,30.260416666666668,30.958333333333332,34.920833333333334,21_grating,Tp,100,4800
0,39.0,0.0,0.0,0.0,0.0,0.0,0.0,0.0,22_warmup,Tp,25,4800
0,9.0,0.0,0.0,0.0,0.0,0.0,0.0,0.0,22_warmup,Tp,100,4800
0,39.0,27.65769230769231,1.3603235669970493,24.783333333333335,26.825,27.483333333333334,28.7875,30.383333333333333,23_noise,Tp,25,4800
0,9.0,27.733564814814812,0.403801978460535,27.21875,27.545833333333334,27.697916666666668,28.0,28.502083333333335,23_noise,Tp,100,4800
0,39.0,30.95576923076924,3.060748934792816,27.808333333333334,29.108333333333334,30.116666666666667,31.53333333333333,40.2,24_grating,Tp,25,4800
0,9.0,31.094212962962963,2.9513438517805577,29.03125,29.514583333333334,29.70625,30.43125,37.672916666666666,24_grating,Tp,100,4800
0,39.0,0.0,0.0,0.0,0.0,0.0,0.0,0.0,25_warmup,Tp,25,4800
0,9.0,0.0,0.0,0.0,0.0,0.0,0.0,0.0,25_warmup,Tp,100,4800
0,39.0,28.478846153846153,1.3779498476817096,25.075,27.608333333333334,28.491666666666667,29.458333333333336,31.133333333333333,26_noise,Tp,25,4800
0,9.0,28.44513888888889,0.702254090263394,27.441666666666666,28.108333333333334,28.21875,28.729166666666668,29.616666666666667,26_noise,Tp,100,4800
0,39.0,30.90576923076923,2.759895906751623,27.258333333333333,29.366666666666667,30.241666666666667,31.325,40.24166666666667,27_grating,Tp,25,4800
0,9.0,31.02152777777778,2.6890400545418722,28.789583333333333,29.422916666666666,30.027083333333334,30.372916666666665,36.99166666666667,27_grating,Tp,100,4800
0,39.0,0.0,0.0,0.0,0.0,0.0,0.0,0.0,28_warmup,Tp,25,4800
0,9.0,0.0,0.0,0.0,0.0,0.0,0.0,0.0,28_warmup,Tp,100,4800
0,39.0,28.066025641025643,1.6756396446203707,25.208333333333332,26.6375,27.966666666666665,29.491666666666667,31.266666666666666,29_noise,Tp,25,4800
0,9.0,28.130092592592593,1.0554633777369191,26.55,27.589583333333334,27.983333333333334,29.170833333333334,29.591666666666665,29_noise,Tp,100,4800
0,39.0,31.09850427350427,2.5947349354443072,27.658333333333335,29.541666666666664,30.225,31.429166666666667,38.13333333333333,30_grating,Tp,25,4800
0,9.0,31.239120370370372,2.573680887215951,29.083333333333332,29.920833333333334,30.28125,30.64375,37.145833333333336,30_grating,Tp,100,4800
0,39.0,0.0,0.0,0.0,0.0,0.0,0.0,0.0,31_warmup,Tp,25,4800
0,9.0,0.0,0.0,0.0,0.0,0.0,0.0,0.0,31_warmup,Tp,100,4800
0,39.0,27.88803418803419,0.9310941868389752,26.191666666666666,27.304166666666667,27.858333333333334,28.65416666666667,29.616666666666667,32_noise,Tp,25,4800
0,9.0,27.89837962962963,0.2564696250936532,27.529166666666665,27.708333333333332,27.897916666666667,28.15625,28.216666666666665,32_noise,Tp,100,4800
0,39.0,30.56431623931624,2.344901577690806,26.058333333333334,28.979166666666664,29.716666666666665,31.7375,36.208333333333336,33_grating,Tp,25,4800
0,9.0,30.77152777777778,2.1849501507948257,29.054166666666667,29.31875,29.829166666666666,30.604166666666668,35.010416666666664,33_grating,Tp,100,4800
0,39.0,0.0,0.0,0.0,0.0,0.0,0.0,0.0,34_warmup,Tp,25,4800
0,9.0,0.0,0.0,0.0,0.0,0.0,0.0,0.0,34_warmup,Tp,100,4800
0,39.0,27.84166666666666,1.4587856441422624,25.6,26.741666666666667,27.55,28.304166666666667,31.608333333333334,35_noise,Tp,25,4800
0,9.0,27.75347222222222,0.9295396999695297,26.714583333333334,26.854166666666668,27.547916666666666,28.24375,29.5875,35_noise,Tp,100,4800
0,39.0,30.47371794871795,2.775980767138556,26.375,28.816666666666666,29.7,31.983333333333334,37.75833333333333,36_grating,Tp,25,4800
0,9.0,30.663657407407406,2.4962272120490914,28.229166666666668,29.447916666666668,29.620833333333334,30.041666666666668,35.84375,36_grating,Tp,100,4800
0,39.0,0.0,0.0,0.0,0.0,0.0,0.0,0.0,37_warmup,Tp,25,4800
0,9.0,0.0,0.0,0.0,0.0,0.0,0.0,0.0,37_warmup,Tp,100,4800
0,39.0,27.89038461538462,1.2930673481654347,24.966666666666665,27.1875,27.816666666666666,28.445833333333333,30.975,38_noise,Tp,25,4800
0,9.0,27.910879629629633,0.6635194084585877,26.883333333333333,27.65625,28.004166666666666,28.329166666666666,28.864583333333332,38_noise,Tp,100,4800
0,39.0,30.40512820512821,2.295282327441021,25.858333333333334,28.950000000000003,30.116666666666667,30.733333333333334,35.88333333333333,39_grating,Tp,25,4800
0,9.0,30.508564814814818,2.1633032900206577,27.945833333333333,29.202083333333334,30.010416666666668,30.610416666666666,35.0125,39_grating,Tp,100,4800
0,39.0,0.0,0.0,0.0,0.0,0.0,0.0,0.0,40_warmup,Tp,25,4800
0,9.0,0.0,0.0,0.0,0.0,0.0,0.0,0.0,40_warmup,Tp,100,4800
0,39.0,28.41025641025641,1.286583747581618,25.108333333333334,27.645833333333332,28.391666666666666,29.120833333333334,31.341666666666665,41_noise,Tp,25,4800
0,9.0,28.285648148148148,0.5664803657873153,27.4875,28.01875,28.1625,28.372916666666665,29.402083333333334,41_noise,Tp,100,4800
0,39.0,30.756410256410252,2.722817854177275,26.741666666666667,29.15833333333333,30.558333333333334,31.09583333333333,37.875,42_grating,Tp,25,4800
0,9.0,30.892592592592596,2.6714666499014155,28.522916666666667,29.16875,29.677083333333332,31.158333333333335,36.579166666666666,42_grating,Tp,100,4800
0,39.0,0.0,0.0,0.0,0.0,0.0,0.0,0.0,43_warmup,Tp,25,4800
0,9.0,0.0,0.0,0.0,0.0,0.0,0.0,0.0,43_warmup,Tp,100,4800
0,39.0,27.84059829059829,1.418046515167358,24.283333333333335,27.3,27.625,28.6875,31.975,44_noise,Tp,25,4800
0,9.0,27.91550925925926,0.7966905499432176,26.533333333333335,27.322916666666668,27.925,28.54375,28.7625,44_noise,Tp,100,4800
0,39.0,30.364957264957265,2.663875444003828,25.816666666666666,28.320833333333333,29.783333333333335,31.37083333333333,36.733333333333334,45_grating,Tp,25,4800
0,9.0,30.45856481481481,2.578593064506792,28.433333333333334,28.889583333333334,29.170833333333334,30.95625,35.389583333333334,45_grating,Tp,100,4800
0,39.0,0.0,0.0,0.0,0.0,0.0,0.0,0.0,46_warmup,Tp,25,4800
0,9.0,0.0,0.0,0.0,0.0,0.0,0.0,0.0,46_warmup,Tp,100,4800
0,39.0,28.407264957264953,1.274115590934091,25.741666666666667,27.575,28.483333333333334,29.4,31.133333333333333,47_noise,Tp,25,4800
0,9.0,28.52060185185185,0.6366871216960828,27.654166666666665,28.120833333333334,28.68125,28.810416666666665,29.76875,47_noise,Tp,100,4800
0,39.0,30.495299145299143,2.976502639628042,25.966666666666665,28.59583333333333,29.591666666666665,32.5125,39.63333333333333,48_grating,Tp,25,4800
0,9.0,30.555324074074072,2.7335731187519525,28.495833333333334,28.858333333333334,29.570833333333333,30.729166666666668,37.06875,48_grating,Tp,100,4800
0,39.0,0.0,0.0,0.0,0.0,0.0,0.0,0.0,49_warmup,Tp,25,4800
0,9.0,0.0,0.0,0.0,0.0,0.0,0.0,0.0,49_warmup,Tp,100,4800
0,39.0,28.006623931623924,1.552251688722934,23.975,26.9875,27.808333333333334,28.9625,31.55,50_noise,Tp,25,4800
0,9.0,27.860879629629625,0.4185384749984313,27.45,27.475,27.864583333333332,27.964583333333334,28.8,50_noise,Tp,100,4800
0,39.0,30.948931623931628,2.435624506752167,26.425,29.370833333333334,30.366666666666667,31.65416666666667,36.75833333333333,51_grating,Tp,25,4800
0,9.0,31.07615740740741,2.3533198401128614,28.952083333333334,29.870833333333334,30.022916666666667,30.879166666666666,36.297916666666666,51_grating,Tp,100,4800
0,39.0,0.0,0.0,0.0,0.0,0.0,0.0,0.0,52_warmup,Tp,25,4800
0,9.0,0.0,0.0,0.0,0.0,0.0,0.0,0.0,52_warmup,Tp,100,4800
0,39.0,28.010683760683758,1.277315505380288,24.816666666666666,27.34166666666667,27.716666666666665,29.05,30.1,53_noise,Tp,25,4800
0,9.0,28.09722222222222,0.6198520628836455,27.1125,27.60625,28.179166666666667,28.583333333333332,28.79375,53_noise,Tp,100,4800
0,39.0,30.897008547008543,2.6532905251849335,27.708333333333332,29.09166666666667,29.908333333333335,31.554166666666667,38.06666666666667,54_grating,Tp,25,4800
0,9.0,31.095601851851857,2.32253533969412,29.127083333333335,29.85,30.441666666666666,31.052083333333332,36.51875,54_grating,Tp,100,4800
0,39.0,0.0,0.0,0.0,0.0,0.0,0.0,0.0,55_warmup,Tp,25,4800
0,9.0,0.0,0.0,0.0,0.0,0.0,0.0,0.0,55_warmup,Tp,100,4800
0,39.0,28.145940170940168,1.5071186732161126,24.766666666666666,27.362499999999997,28.375,29.070833333333333,31.325,56_noise,Tp,25,4800
0,9.0,28.046527777777776,0.9132137857056134,26.466666666666665,27.816666666666666,28.1,28.489583333333332,29.735416666666666,56_noise,Tp,100,4800
0,39.0,30.342307692307685,2.933912911626629,26.55,28.520833333333332,29.508333333333333,31.0,37.9,57_grating,Tp,25,4800
0,9.0,30.55486111111111,2.8627005176008584,27.454166666666666,29.116666666666667,29.66875,30.15625,37.02291666666667,57_grating,Tp,100,4800
0,39.0,0.0,0.0,0.0,0.0,0.0,0.0,0.0,58_warmup,Tp,25,4800
0,9.0,0.0,0.0,0.0,0.0,0.0,0.0,0.0,58_warmup,Tp,100,4800
0,39.0,27.84059829059829,1.0646090685720697,25.45,27.116666666666667,28.025,28.416666666666668,30.35,59_noise,Tp,25,4800
0,9.0,27.768055555555556,0.3456936841538894,27.270833333333332,27.6,27.708333333333332,27.877083333333335,28.45,59_noise,Tp,100,4800
0,39.0,30.492948717948728,2.3981699425445933,26.633333333333333,28.916666666666668,30.291666666666668,32.108333333333334,36.525,60_grating,Tp,25,4800
0,9.0,30.631712962962965,2.1903123731238807,28.554166666666667,29.19375,29.714583333333334,31.34375,35.13333333333333,60_grating,Tp,100,4800
0,39.0,0.0,0.0,0.0,0.0,0.0,0.0,0.0,61_warmup,Tp,25,4800
0,9.0,0.0,0.0,0.0,0.0,0.0,0.0,0.0,61_warmup,Tp,100,4800
0,39.0,27.881196581196583,1.6329984417112218,23.625,26.8375,28.116666666666667,28.983333333333334,30.566666666666666,62_noise,Tp,25,4800
0,9.0,27.806712962962965,0.9417034110743215,26.616666666666667,27.127083333333335,27.4625,28.541666666666668,29.477083333333333,62_noise,Tp,100,4800
0,39.0,30.496367521367517,2.540520876963187,26.458333333333332,29.070833333333333,29.8,31.4125,37.69166666666667,63_grating,Tp,25,4800
0,9.0,30.604629629629628,2.5156702415224834,28.197916666666668,29.029166666666665,29.885416666666668,30.827083333333334,36.135416666666664,63_grating,Tp,100,4800
0,39.0,0.0,0.0,0.0,0.0,0.0,0.0,0.0,64_warmup,Tp,25,4800
0,9.0,0.0,0.0,0.0,0.0,0.0,0.0,0.0,64_warmup,Tp,100,4800
0,39.0,28.03824786324786,1.2734836728506742,25.6,27.27916666666667,28.116666666666667,28.7875,30.966666666666665,65_noise,Tp,25,4800
0,9.0,28.05023148148148,0.7494163270248514,26.752083333333335,27.5375,28.166666666666668,28.51875,29.1875,65_noise,Tp,100,4800
0,39.0,30.83418803418804,2.412272771221577,27.816666666666666,29.025,30.116666666666667,31.62916666666667,37.03333333333333,66_grating,Tp,25,4800
0,9.0,30.85578703703704,2.387174292832338,29.19375,29.339583333333334,29.639583333333334,31.389583333333334,35.34166666666667,66_grating,Tp,100,4800
0,39.0,0.0,0.0,0.0,0.0,0.0,0.0,0.0,67_warmup,Tp,25,4800
0,9.0,0.0,0.0,0.0,0.0,0.0,0.0,0.0,67_warmup,Tp,100,4800
0,39.0,28.229059829059832,1.144253491094452,26.258333333333333,27.266666666666666,28.125,29.154166666666665,30.433333333333334,68_noise,Tp,25,4800
0,9.0,28.253935185185185,0.6277867079318143,27.579166666666666,27.735416666666666,28.158333333333335,28.483333333333334,29.408333333333335,68_noise,Tp,100,4800
0,39.0,30.633760683760684,2.793029222809204,26.625,28.887500000000003,29.683333333333334,31.441666666666666,37.583333333333336,69_grating,Tp,25,4800
0,9.0,30.8462962962963,2.6642442565437263,29.0375,29.272916666666667,29.4625,31.072916666666668,36.45625,69_grating,Tp,100,4800
0,39.0,0.0,0.0,0.0,0.0,0.0,0.0,0.0,70_warmup,Tp,25,4800
0,9.0,0.0,0.0,0.0,0.0,0.0,0.0,0.0,70_warmup,Tp,100,4800
0,39.0,28.262179487179484,1.6041724722540722,24.833333333333332,27.679166666666667,28.308333333333334,29.03333333333333,32.675,71_noise,Tp,25,4800
0,9.0,28.161342592592593,0.5251003449812072,27.464583333333334,27.825,28.16875,28.34375,29.241666666666667,71_noise,Tp,100,4800
0,39.0,30.547222222222224,2.466052653940665,27.066666666666666,28.991666666666667,30.116666666666667,31.2125,37.516666666666666,72_grating,Tp,25,4800
0,9.0,30.6912037037037,2.211461713418328,28.402083333333334,29.5375,30.127083333333335,30.427083333333332,35.31666666666667,72_grating,Tp,100,4800
0,39.0,0.0,0.0,0.0,0.0,0.0,0.0,0.0,73_warmup,Tp,25,4800
0,9.0,0.0,0.0,0.0,0.0,0.0,0.0,0.0,73_warmup,Tp,100,4800
0,39.0,27.67777777777778,1.4709533315859156,23.625,26.879166666666666,27.641666666666666,28.6875,31.108333333333334,74_noise,Tp,25,4800
0,9.0,27.68402777777778,0.895669195234304,26.008333333333333,27.322916666666668,27.591666666666665,28.3375,28.789583333333333,74_noise,Tp,100,4800
0,39.0,30.554487179487186,2.9010936673841767,26.983333333333334,29.141666666666666,29.841666666666665,30.545833333333334,38.458333333333336,75_grating,Tp,25,4800
0,9.0,30.743055555555557,2.8198863270652312,28.65,29.15625,29.495833333333334,30.327083333333334,37.12083333333333,75_grating,Tp,100,4800
0,39.0,0.0,0.0,0.0,0.0,0.0,0.0,0.0,76_warmup,Tp,25,4800
0,9.0,0.0,0.0,0.0,0.0,0.0,0.0,0.0,76_warmup,Tp,100,4800
0,39.0,28.10576923076923,1.1430155206434638,26.108333333333334,27.179166666666667,28.058333333333334,28.7,30.766666666666666,77_noise,Tp,25,4800
0,9.0,28.102314814814815,0.4625755902525889,27.466666666666665,27.795833333333334,27.99375,28.4625,28.9375,77_noise,Tp,100,4800
0,39.0,30.15363247863248,2.636897151851717,26.683333333333334,28.333333333333336,29.533333333333335,31.079166666666666,38.8,78_grating,Tp,25,4800
0,9.0,30.25486111111111,2.4988934182898292,27.99375,29.0375,29.4,29.9,36.145833333333336,78_grating,Tp,100,4800
0,39.0,0.0,0.0,0.0,0.0,0.0,0.0,0.0,79_warmup,Tp,25,4800
0,9.0,0.0,0.0,0.0,0.0,0.0,0.0,0.0,79_warmup,Tp,100,4800
0,39.0,27.797649572649572,1.2583782795475082,25.166666666666668,26.866666666666667,27.758333333333333,28.575,30.7,80_noise,Tp,25,4800
0,9.0,27.750925925925927,0.5337991446352008,27.366666666666667,27.3875,27.402083333333334,27.925,28.970833333333335,80_noise,Tp,100,4800
0,39.0,30.72713675213675,2.9069252849678926,25.816666666666666,28.945833333333333,29.95,32.09166666666667,38.44166666666667,81_grating,Tp,25,4800
0,9.0,30.818287037037035,2.7482597432761597,28.277083333333334,29.335416666666667,29.783333333333335,31.395833333333332,36.885416666666664,81_grating,Tp,100,4800
0,39.0,0.0,0.0,0.0,0.0,0.0,0.0,0.0,82_warmup,Tp,25,4800
0,9.0,0.0,0.0,0.0,0.0,0.0,0.0,0.0,82_warmup,Tp,100,4800
0,39.0,27.837606837606838,1.2785309320777114,25.816666666666666,26.9375,27.758333333333333,28.5375,30.341666666666665,83_noise,Tp,25,4800
0,9.0,27.744444444444447,0.588027983791777,27.029166666666665,27.329166666666666,27.622916666666665,28.102083333333333,28.98125,83_noise,Tp,100,4800
0,39.0,30.810683760683762,2.7392079231930775,26.675,29.075000000000003,30.141666666666666,31.97083333333333,37.458333333333336,84_grating,Tp,25,4800
0,9.0,30.934259259259264,2.6183300493443116,28.75625,28.922916666666666,30.414583333333333,31.016666666666666,36.28125,84_grating,Tp,100,4800
0,39.0,0.0,0.0,0.0,0.0,0.0,0.0,0.0,85_warmup,Tp,25,4800
0,9.0,0.0,0.0,0.0,0.0,0.0,0.0,0.0,85_warmup,Tp,100,4800
0,39.0,28.113247863247864,1.5147142797332345,25.208333333333332,27.02916666666667,28.166666666666668,29.004166666666666,31.175,86_noise,Tp,25,4800
0,9.0,28.04398148148148,0.7668948118170936,26.902083333333334,27.654166666666665,27.96875,28.604166666666668,29.3375,86_noise,Tp,100,4800
0,39.0,30.49658119658119,2.682517799920178,26.616666666666667,28.987499999999997,29.916666666666668,30.84583333333333,37.69166666666667,87_grating,Tp,25,4800
0,9.0,30.679166666666667,2.5032940538002455,28.864583333333332,29.027083333333334,29.883333333333333,30.3,36.047916666666666,87_grating,Tp,100,4800
0,39.0,0.0,0.0,0.0,0.0,0.0,0.0,0.0,88_warmup,Tp,25,4800
0,9.0,0.0,0.0,0.0,0.0,0.0,0.0,0.0,88_warmup,Tp,100,4800
0,39.0,27.76773504273504,1.4889016560540556,24.858333333333334,26.866666666666667,27.933333333333334,28.625,31.333333333333332,89_noise,Tp,25,4800
0,9.0,27.774074074074072,0.8682015849392645,26.629166666666666,27.216666666666665,27.7,28.429166666666667,29.06875,89_noise,Tp,100,4800
0,39.0,30.50705128205129,2.61062727616922,26.483333333333334,28.633333333333333,29.666666666666668,31.5625,36.725,90_grating,Tp,25,4800
0,9.0,30.523842592592594,2.446746863909175,28.29375,28.989583333333332,29.8,30.0125,35.35208333333333,90_grating,Tp,100,4800
