,startTime,startSample,endTime,endSample,duration,halfSlopetoFirstPeakSample,halfSlopetoFirstPeakTime,halfSlopetoFirstPeak_Amp,halfSlopefromLastPeakSample,halfSlopefromLastPeakTime,halfSlopefromLastPeak_Amp,start_Amp,end_Amp,maxPeak_Amp,maxPeakSample,maxPeakTime,n_peaks,meanAmp,AmpUp_maxPeak,subnet,subnet_size,subnet_anchor,g_peak_AMPA_Vp_PC_Vp_BC
0,3300.0,27,3630.0,60,330.0,35,3380.0,-0.17171078356916475,49,3520.0,-0.5382151177569359,-0.466846910435635,-1.199855578811177,0.12342534329730544,41,3440.0,1,0.12342534329730544,0.5902722537329405,A,0.1,0.0,1.675
1,3720.0,69,4370.0,134,650.0,84,3870.0,0.5449018945027266,114,4170.0,0.8084790177120347,-1.2096224303567433,-0.6824681839381275,2.299426219362197,96,3990.0,1,2.299426219362197,3.50904864971894,A,0.1,0.0,1.675
2,4370.0,134,4740.0,171,370.0,144,4470.0,0.04497536711932326,161,4640.0,-0.14647562005768522,-0.6824681839381275,-1.0653701582921444,0.772418918176774,152,4550.0,1,0.772418918176774,1.4548871021149015,A,0.1,0.0,1.675
3,4740.0,171,5230.0,220,490.0,185,4880.0,-0.30355885319324694,211,5140.0,-0.612978643830832,-1.0653701582921444,-1.6842097395673143,0.45825245190565045,202,5050.0,1,0.45825245190565045,1.523622610197795,A,0.1,0.0,1.675
4,5510.0,248,6210.0,318,700.0,275,5780.0,0.911647979686003,302,6050.0,0.9510912151994226,-0.7904418213618821,-0.7115553503350429,2.613737780733888,287,5900.0,1,2.613737780733888,3.40417960209577,A,0.1,0.0,1.675
5,6430.0,340,6730.0,370,300.0,347,6500.0,-0.16901451825535935,360,6630.0,-0.40380585784161394,-0.5406759455632298,-1.010258624735739,0.20264690905251118,353,6560.0,1,0.20264690905251118,0.743322854615741,A,0.1,0.0,1.675
6,7450.0,442,8170.0,514,720.0,453,7560.0,1.0538616793455458,480,7830.0,1.0450019113439182,-1.9988634065949216,-2.016582942598177,4.106586765286013,463,7660.0,1,4.106586765286013,6.105450171880935,A,0.1,0.0,1.675
7,8360.0,533,9250.0,622,890.0,544,8470.0,-0.061383885797441806,573,8760.0,1.2988168631042483,-4.021648227437826,-1.301246729634445,3.8988804558429417,555,8580.0,1,3.8988804558429417,7.920528683280768,A,0.1,0.0,1.675
8,9750.0,672,10030.0,700,280.0,681,9840.0,-0.36760875726441,694,9970.0,-0.2829925742818301,-0.9592903833533214,-0.7900580173881617,0.22407286882450148,688,9910.0,1,0.22407286882450148,1.1833632521778228,A,0.1,0.0,1.675
9,10030.0,700,10510.0,748,480.0,711,10140.0,1.1221719826465488,734,10370.0,1.4200533421976735,-0.7900580173881617,-0.1942952982859123,3.0344019826812594,722,10250.0,1,3.0344019826812594,3.824460000069421,A,0.1,0.0,1.675
10,11360.0,833,12160.0,913,800.0,845,11480.0,0.9316814626660614,877,11800.0,1.1301486262327007,-1.6398120789746315,-1.2428777518413525,3.503175004306754,856,11590.0,1,3.503175004306754,5.142987083281386,A,0.1,0.0,1.675
11,12820.0,979,13370.0,1034,550.0,991,12940.0,1.1812117806531912,1017,13200.0,1.7775408232397432,-1.6653467756084268,-0.472688690435323,4.027770336914809,1001,13040.0,1,4.027770336914809,5.693117112523236,A,0.1,0.0,1.675
12,13980.0,1095,14650.0,1162,670.0,1106,14090.0,0.3484928235837581,1144,14470.0,0.24232928143574872,-1.3294672732695763,-1.5417943575655948,2.0264529204370922,1116,14190.0,1,2.0264529204370922,3.3559201937066687,A,0.1,0.0,1.675
13,14650.0,1162,15430.0,1240,780.0,1178,14810.0,-0.024853902988927867,1211,15140.0,0.36386126526787466,-1.5417943575655948,-0.7643640210519896,1.4920865515877388,1196,14990.0,1,1.4920865515877388,3.033880909153334,A,0.1,0.0,1.675
14,15430.0,1240,15840.0,1281,410.0,1259,15620.0,-0.3626564551409468,1274,15770.0,-0.3879580972690329,-0.7643640210519896,-0.8149673053081619,0.03905111077009601,1267,15700.0,1,0.03905111077009601,0.8034151318220857,A,0.1,0.0,1.675
15,15840.0,1281,16200.0,1317,360.0,1290,15930.0,-0.0016623808170795895,1306,16090.0,0.26824287267912184,-0.8149673053081619,-0.2751567983157589,0.8116425436740027,1299,16020.0,1,0.8116425436740027,1.6266098489821645,A,0.1,0.0,1.675
16,16200.0,1317,16630.0,1360,430.0,1335,16380.0,0.30126445260613244,1352,16550.0,0.28577905670760334,-0.2751567983157589,-0.30612759011281715,0.8776857035280239,1344,16470.0,1,0.8776857035280239,1.1528425018437827,A,0.1,0.0,1.675
17,16630.0,1360,16890.0,1386,260.0,1367,16700.0,0.12132832596378201,1379,16820.0,0.2508230101254203,-0.30612759011281715,-0.04713822178954044,0.5487842420403811,1373,16760.0,1,0.5487842420403811,0.8549118321531983,A,0.1,0.0,1.675
18,16890.0,1386,17110.0,1408,220.0,1391,16940.0,0.04307226877354947,1401,17040.0,-0.24882189004919597,-0.04713822178954044,-0.6309265394350313,0.13328275933663938,1394,16970.0,1,0.13328275933663938,0.18042098112617982,A,0.1,0.0,1.675
19,17110.0,1408,17450.0,1442,340.0,1416,17190.0,-0.18545229755854836,1432,17350.0,-0.5612700865949476,-0.6309265394350313,-1.3825621175078298,0.2600219443179346,1422,17250.0,1,0.2600219443179346,0.8909484837529659,A,0.1,0.0,1.675
20,17450.0,1442,17770.0,1474,320.0,1452,17550.0,-0.6150775239807593,1467,17700.0,-0.6296464022228789,-1.3825621175078298,-1.411699873992069,0.15240706954631109,1459,17620.0,1,0.15240706954631109,1.5349691870541409,A,0.1,0.0,1.675
21,17770.0,1474,18480.0,1545,710.0,1485,17880.0,0.6005677553525892,1511,18140.0,1.0312436847156814,-1.411699873992069,-0.5503480152658843,2.6128353846972474,1496,17990.0,1,2.6128353846972474,4.024535258689316,A,0.1,0.0,1.675
22,19210.0,1618,19760.0,1673,550.0,1629,19320.0,0.9812649717081832,1654,19570.0,1.7893431449270927,-2.004260836294233,-0.3881044898564138,3.9667907797105997,1639,19420.0,1,3.9667907797105997,5.971051616004832,A,0.1,0.0,1.675
23,20390.0,1736,21110.0,1808,720.0,1747,20500.0,0.5538863972457901,1796,20990.0,-0.22759309280917606,-1.9463617757417178,-1.5448922529946159,3.0541345702332983,1756,20590.0,2,2.0719203188047812,5.000496345975016,A,0.1,0.0,1.675
24,21390.0,1836,22210.0,1918,820.0,1857,21600.0,0.327317665603859,1889,21920.0,0.5782757133962084,-1.4875208250589798,-0.9856047294742809,2.1421561562666978,1873,21760.0,1,2.1421561562666978,3.6296769813256775,A,0.1,0.0,1.675
25,22210.0,1918,22640.0,1961,430.0,1928,22310.0,-0.3715720657766799,1946,22490.0,-0.08258793369174189,-0.9856047294742809,-0.4076364653044049,0.24246059792092117,1938,22410.0,1,0.24246059792092117,1.228065327395202,A,0.1,0.0,1.675
26,22840.0,1981,23390.0,2036,550.0,1991,22940.0,-0.07203709576990969,2024,23270.0,-0.46035047231767257,-0.3054765917401161,-1.0366304596574791,0.16140240020029673,1998,23010.0,2,0.1386659576112154,0.4668789919404128,A,0.1,0.0,1.675
27,23390.0,2036,24020.0,2099,630.0,2055,23580.0,0.5707031174228614,2083,23860.0,1.0240257420083494,-1.0366304596574791,-0.12998521048650258,2.1780366945032017,2069,23720.0,1,2.1780366945032017,3.214667154160681,A,0.1,0.0,1.675
28,24870.0,2184,25670.0,2264,800.0,2195,24980.0,0.8538300372282079,2221,25240.0,1.6646563773447314,-2.6326387002388754,-1.010986020005829,4.340298774695292,2205,25080.0,1,4.340298774695292,6.972937474934167,A,0.1,0.0,1.675
29,26260.0,2323,26750.0,2372,490.0,2335,26380.0,0.8852103942667207,2355,26580.0,1.077236956097222,-0.5874194789475908,-0.20336635528658842,2.357840267481032,2345,26480.0,1,2.357840267481032,2.945259746428623,A,0.1,0.0,1.675
30,27230.0,2420,27960.0,2493,730.0,2431,27340.0,0.5654602342126314,2456,27590.0,0.9823736180297633,-2.581087487114264,-1.7472607194800003,3.712007955539527,2441,27440.0,1,3.712007955539527,6.293095442653791,A,0.1,0.0,1.675
31,27960.0,2493,28480.0,2545,520.0,2504,28070.0,-0.4724545059097416,2535,28380.0,-0.21743866244019294,-1.7472607194800003,-1.2372290325409026,0.8023517076605169,2518,28210.0,1,0.8023517076605169,2.5496124271405174,A,0.1,0.0,1.675
32,28740.0,2571,29340.0,2631,600.0,2581,28840.0,0.2815365793857818,2610,29130.0,0.9040760562046336,-1.8767950703526781,-0.6317161167149742,2.4398682291242415,2591,28940.0,1,2.4398682291242415,4.31666329947692,A,0.1,0.0,1.675
33,29660.0,2663,29990.0,2696,330.0,2674,29770.0,-0.05320294582901622,2689,29920.0,-0.40086570511347597,-0.30137323473351924,-0.9966987533024386,0.1949673430754868,2680,29830.0,1,0.1949673430754868,0.49634057780900603,A,0.1,0.0,1.675
34,29990.0,2696,30270.0,2724,280.0,2705,30080.0,-0.13501535879415705,2717,30200.0,0.3460249595515625,-0.9966987533024386,-0.03461811661099946,0.7266680357141244,2712,30150.0,1,0.7266680357141244,1.7233667890165631,A,0.1,0.0,1.675
35,30270.0,2724,30580.0,2755,310.0,2732,30350.0,0.4903869129945936,2746,30490.0,0.20962017986677728,-0.03461811661099946,-0.5961515828666321,1.0153919426001865,2738,30410.0,1,1.0153919426001865,1.050010059211186,A,0.1,0.0,1.675
36,30580.0,2755,30880.0,2785,300.0,2763,30660.0,-0.002200439137037269,2777,30800.0,-0.1936419989163629,-0.5961515828666321,-0.9790347024252835,0.5917507045925575,2769,30720.0,1,0.5917507045925575,1.1879022874591896,A,0.1,0.0,1.675
37,31060.0,2803,31840.0,2881,780.0,2813,31160.0,0.5901542906066324,2836,31390.0,0.17058674890642012,-1.2901336494822406,-2.129268732882665,2.4704422306955056,2822,31250.0,1,2.4704422306955056,3.760575880177746,A,0.1,0.0,1.675
38,31840.0,2881,32430.0,2940,590.0,2893,31960.0,0.14257831734805793,2917,32200.0,0.8362974191752587,-2.129268732882665,-0.7418305292282638,2.4144253675787812,2903,32060.0,1,2.4144253675787812,4.543694100461446,A,0.1,0.0,1.675
39,32430.0,2940,32780.0,2975,350.0,2949,32520.0,-0.11901085844682513,2965,32680.0,-0.1846546709659227,-0.7418305292282638,-0.8731181542664588,0.5038088123346135,2957,32600.0,1,0.5038088123346135,1.2456393415628773,A,0.1,0.0,1.675
0,3400.0,37,3750.0,72,350.0,44,3470.0,0.06840496367949761,61,3640.0,0.05727275773128338,-0.021655751448684667,-0.043920163345113096,0.15846567880767987,52,3550.0,1,0.15846567880767987,0.18012143025636454,A_bis,0.1,0.5,1.675
1,4210.0,118,4510.0,148,300.0,126,4290.0,-0.04222371598005653,140,4430.0,-0.033318276038978856,-0.21082420867545246,-0.19301332879329708,0.1263767767153394,133,4360.0,1,0.1263767767153394,0.33720098539079185,A_bis,0.1,0.5,1.675
2,4510.0,148,4930.0,190,420.0,164,4670.0,0.050401200685996295,182,4850.0,-0.01382811317148136,-0.19301332879329708,-0.32147195650825244,0.29381573016528967,174,4770.0,1,0.29381573016528967,0.48682905895858675,A_bis,0.1,0.5,1.675
3,4930.0,190,5310.0,228,380.0,199,5020.0,0.01785764944475149,218,5210.0,0.10462335734026262,-0.32147195650825244,-0.14794054071723017,0.3571872553977554,209,5120.0,1,0.3571872553977554,0.6786592119060079,A_bis,0.1,0.5,1.675
4,5310.0,228,5560.0,253,250.0,234,5370.0,-0.01387998299924853,246,5490.0,-0.08646052981574834,-0.14794054071723017,-0.2931016343502298,0.12018057471873311,240,5430.0,1,0.12018057471873311,0.2681211154359633,A_bis,0.1,0.5,1.675
5,5560.0,253,5880.0,285,320.0,261,5640.0,0.023211441460001148,276,5790.0,0.1353465307763225,-0.2931016343502298,-0.06883145571758709,0.3395245172702321,269,5720.0,1,0.3395245172702321,0.6326261516204619,A_bis,0.1,0.5,1.675
6,6020.0,299,6390.0,336,370.0,308,6110.0,-0.020885085924430766,324,6270.0,-0.07782915935829701,-0.06047141692609131,-0.1743595637938238,0.018701245077229773,314,6170.0,1,0.018701245077229773,0.07917266200332108,A_bis,0.1,0.5,1.675
7,6390.0,336,6930.0,390,540.0,346,6490.0,-0.039303684062851674,382,6850.0,-0.036586080188779416,-0.1743595637938238,-0.15587713856571242,0.09575219566812047,355,6580.0,3,0.07162396299604223,0.27011175946194427,A_bis,0.1,0.5,1.675
8,6930.0,390,7230.0,420,300.0,399,7020.0,0.013561003571947228,413,7160.0,0.04281097717390496,-0.15587713856571242,-0.09737719136179694,0.18299914570960688,406,7090.0,1,0.18299914570960688,0.3388762842753193,A_bis,0.1,0.5,1.675
9,7230.0,420,7490.0,446,260.0,428,7310.0,-0.010256802073645668,439,7420.0,0.007549290184851197,-0.09737719136179694,-0.06176500684480323,0.07686358721450562,433,7360.0,1,0.07686358721450562,0.17424077857630255,A_bis,0.1,0.5,1.675
10,7490.0,446,7770.0,474,280.0,453,7560.0,0.05364604930191023,466,7690.0,0.023501346442255572,-0.06176500684480323,-0.12205441256411251,0.16905710544862368,460,7630.0,1,0.16905710544862368,0.23082211229342692,A_bis,0.1,0.5,1.675
11,7770.0,474,8090.0,506,320.0,481,7840.0,0.045063653573135104,495,7980.0,0.027212086003531893,-0.12205441256411251,-0.15775754770331887,0.2121817197103827,488,7910.0,1,0.2121817197103827,0.3342361322744952,A_bis,0.1,0.5,1.675
12,8370.0,534,8860.0,583,490.0,545,8480.0,0.06554234788466415,570,8730.0,0.00229119712183129,-0.17651056321924102,-0.3030128647449067,0.3075952589885693,555,8580.0,1,0.3075952589885693,0.48410582220781034,A_bis,0.1,0.5,1.675
13,8860.0,583,9160.0,613,300.0,592,8950.0,-0.06680863805857956,605,9080.0,0.04684031420136342,-0.3030128647449067,-0.0757149602250207,0.16939558862774753,599,9020.0,1,0.16939558862774753,0.47240845337265425,A_bis,0.1,0.5,1.675
14,9160.0,613,9390.0,636,230.0,619,9220.0,0.0014996686362761524,631,9340.0,0.01737241181962175,-0.0757149602250207,-0.0439694738583295,0.078714297497573,625,9280.0,1,0.078714297497573,0.1544292577225937,A_bis,0.1,0.5,1.675
15,9390.0,636,9700.0,667,310.0,645,9480.0,0.1455613977704878,659,9620.0,0.07065343305115915,-0.0439694738583295,-0.19378540329698676,0.3350922693993051,652,9550.0,1,0.3350922693993051,0.3790617432576346,A_bis,0.1,0.5,1.675
16,9700.0,667,9980.0,695,280.0,674,9770.0,-0.01195669295438534,687,9900.0,-0.14141466721998436,-0.19378540329698676,-0.45270135182818483,0.16987201738821608,680,9830.0,1,0.16987201738821608,0.36365742068520285,A_bis,0.1,0.5,1.675
17,9980.0,695,10660.0,763,680.0,704,10070.0,-0.18655491934396135,755,10580.0,0.04567163997680011,-0.45270135182818483,-0.08415903025881989,0.1755023102124201,747,10500.0,2,0.12754691167634113,0.628203662040605,A_bis,0.1,0.5,1.675
18,10660.0,763,10900.0,787,240.0,769,10720.0,-0.020604143961039725,780,10830.0,-0.03560815796055973,-0.08415903025881989,-0.11416705825785992,0.04295074233674045,774,10770.0,1,0.04295074233674045,0.12710977259556033,A_bis,0.1,0.5,1.675
19,10900.0,787,11240.0,821,340.0,796,10990.0,0.055326380446697354,812,11150.0,0.0064935737363288615,-0.11416705825785992,-0.2118326716785969,0.22481981915125462,803,11060.0,1,0.22481981915125462,0.33898687740911454,A_bis,0.1,0.5,1.675
20,11240.0,821,11600.0,857,360.0,830,11330.0,0.01677462835294105,847,11500.0,-0.017023896165128394,-0.2118326716785969,-0.2794297207147358,0.24538192838447903,838,11410.0,1,0.24538192838447903,0.4572146000630759,A_bis,0.1,0.5,1.675
21,11600.0,857,11910.0,888,310.0,866,11690.0,-0.09083542746253909,880,11830.0,0.004845370247663988,-0.2794297207147358,-0.0880681252943297,0.09775886578965767,874,11770.0,1,0.09775886578965767,0.37718858650439346,A_bis,0.1,0.5,1.675
22,11910.0,888,12360.0,933,450.0,908,12110.0,0.04315941869250381,924,12270.0,0.03753656210151997,-0.0880681252943297,-0.09931383847629734,0.1743869626793373,917,12200.0,1,0.1743869626793373,0.262455087973667,A_bis,0.1,0.5,1.675
23,12360.0,933,12830.0,980,470.0,940,12430.0,-0.03669022112675578,971,12740.0,-0.03311115900037778,-0.09931383847629734,-0.1945744789604304,0.12835216095967483,964,12670.0,2,0.0771427785912303,0.22766599943597216,A_bis,0.1,0.5,1.675
24,12830.0,980,13380.0,1035,550.0,990,12930.0,-0.04845525975464854,1029,13320.0,-0.010174907664829064,-0.1945744789604304,-0.06095422052699716,0.09766395945113335,1000,13030.0,2,0.06913418232423618,0.2922384384115637,A_bis,0.1,0.5,1.675
25,13380.0,1035,13680.0,1065,300.0,1042,13450.0,0.015462666556733187,1056,13590.0,0.005321233325185207,-0.06095422052699716,-0.08123708699009315,0.09187955364046355,1049,13520.0,1,0.09187955364046355,0.1528337741674607,A_bis,0.1,0.5,1.675
26,13680.0,1065,13970.0,1094,290.0,1073,13760.0,-0.010630618529532482,1086,13890.0,-0.06225506653385163,-0.08123708699009315,-0.18448598299873142,0.05997584993102818,1079,13820.0,1,0.05997584993102818,0.14121293692112133,A_bis,0.1,0.5,1.675
27,13970.0,1094,14330.0,1130,360.0,1103,14060.0,-0.057997478509565686,1122,14250.0,0.020780793889242227,-0.18448598299873142,-0.02692943820111561,0.06849102597960006,1114,14170.0,1,0.06849102597960006,0.2529770089783315,A_bis,0.1,0.5,1.675
28,14330.0,1130,14650.0,1162,320.0,1138,14410.0,0.06693278709406138,1152,14550.0,0.054906210946394494,-0.02692943820111561,-0.05098259049644938,0.16079501238923838,1144,14470.0,1,0.16079501238923838,0.18772445059035398,A_bis,0.1,0.5,1.675
29,14940.0,1191,15160.0,1213,220.0,1197,15000.0,-0.0008095150263726508,1208,15110.0,0.022061316610408298,-0.07400524302635449,-0.02826357975279257,0.07238621297360917,1204,15070.0,1,0.07238621297360917,0.14639145599996367,A_bis,0.1,0.5,1.675
30,15160.0,1213,15440.0,1241,280.0,1221,15240.0,0.09236673945041174,1233,15360.0,-0.049537522491415575,-0.02826357975279257,-0.31207210363644716,0.21299705865361604,1226,15290.0,1,0.21299705865361604,0.2412606384064086,A_bis,0.1,0.5,1.675
31,15440.0,1241,15910.0,1288,470.0,1250,15530.0,0.005841663636127203,1267,15700.0,0.0740241636614874,-0.31207210363644716,-0.17570710358572672,0.3237554309087015,1258,15610.0,1,0.3237554309087015,0.6358275345451487,A_bis,0.1,0.5,1.675
32,15910.0,1288,16220.0,1319,310.0,1297,16000.0,-0.027921688016732144,1311,16140.0,-0.08104962818384451,-0.17570710358572672,-0.28196298391995145,0.11986372755226245,1304,16070.0,1,0.11986372755226245,0.29557083113798915,A_bis,0.1,0.5,1.675
33,16220.0,1319,16900.0,1387,680.0,1328,16310.0,-0.05074398666024882,1380,16830.0,-0.039426346045679156,-0.28196298391995145,-0.2034902513291836,0.18047501059945378,1337,16400.0,2,0.15255628491863954,0.46243799451940526,A_bis,0.1,0.5,1.675
34,16900.0,1387,17210.0,1418,310.0,1395,16980.0,0.07641751180172926,1409,17120.0,0.008519174436620813,-0.2034902513291836,-0.33928692605940053,0.35632527493264216,1402,17050.0,1,0.35632527493264216,0.5598155262618257,A_bis,0.1,0.5,1.675
35,17430.0,1440,17720.0,1469,290.0,1448,17510.0,0.048394694123545384,1461,17640.0,0.02293935857012494,-0.10299489425209798,-0.15390556535893887,0.19978428249918873,1454,17570.0,1,0.19978428249918873,0.30277917675128674,A_bis,0.1,0.5,1.675
36,17720.0,1469,17960.0,1493,240.0,1476,17790.0,-0.06444051864688032,1487,17900.0,-0.04624850883697147,-0.15390556535893887,-0.11752154573912119,0.025024528065178245,1482,17850.0,1,0.025024528065178245,0.17893009342411711,A_bis,0.1,0.5,1.675
37,17960.0,1493,18470.0,1544,510.0,1502,18050.0,0.03309851018818019,1531,18340.0,-0.009872535277673983,-0.11752154573912119,-0.2034636366708295,0.18371856611548154,1509,18120.0,1,0.18371856611548154,0.30124011185460275,A_bis,0.1,0.5,1.675
38,18470.0,1544,18950.0,1592,480.0,1560,18630.0,0.0075304567320457205,1583,18860.0,0.03235185264602711,-0.2034636366708295,-0.15382084484286676,0.21852455013492095,1574,18770.0,1,0.21852455013492095,0.42198818680575045,A_bis,0.1,0.5,1.675
39,18950.0,1592,19420.0,1639,470.0,1600,19030.0,0.059367715689637085,1619,19220.0,0.00928443322254252,-0.15382084484286676,-0.25398740977705586,0.27255627622214096,1607,19100.0,1,0.27255627622214096,0.4263771210650077,A_bis,0.1,0.5,1.675
40,19580.0,1655,20010.0,1698,430.0,1668,19710.0,0.08528368290665027,1687,19900.0,-0.04135388977684601,-0.10352781144530503,-0.3568029568122975,0.27409517725860555,1677,19800.0,1,0.27409517725860555,0.3776229887039106,A_bis,0.1,0.5,1.675
41,20010.0,1698,20750.0,1772,740.0,1709,20120.0,-0.030360217868374062,1752,20550.0,0.003537287912856568,-0.3568029568122975,-0.15231044153868822,0.2960825210755494,1718,20210.0,2,0.22773376921997535,0.6528854778878469,A_bis,0.1,0.5,1.675
42,20750.0,1772,21150.0,1812,400.0,1787,20900.0,0.002304411503829068,1804,21070.0,0.01021358542237985,-0.15231044153868822,-0.13649209370158663,0.15691926454634636,1797,21000.0,1,0.15691926454634636,0.3092297060850346,A_bis,0.1,0.5,1.675
43,21150.0,1812,21390.0,1836,240.0,1818,21210.0,-0.04398863828550133,1829,21320.0,-0.061100039472825135,-0.13649209370158663,-0.17071489607623425,0.04851481713058397,1824,21270.0,1,0.04851481713058397,0.1850069108321706,A_bis,0.1,0.5,1.675
44,21390.0,1836,21640.0,1861,250.0,1843,21460.0,-0.04932954501940415,1854,21570.0,-0.08348204750870566,-0.17071489607623425,-0.23901990105483725,0.07205580603742594,1848,21510.0,1,0.07205580603742594,0.2427707021136602,A_bis,0.1,0.5,1.675
45,21640.0,1861,22080.0,1905,440.0,1871,21740.0,0.051877200755895664,1891,21940.0,0.03493271426451727,-0.23901990105483725,-0.272908874037594,0.3427743025666286,1880,21830.0,1,0.3427743025666286,0.5817942036214658,A_bis,0.1,0.5,1.675
46,22080.0,1905,22550.0,1952,470.0,1916,22190.0,0.011983496400600702,1941,22440.0,0.018696448666065568,-0.272908874037594,-0.2594829695066643,0.29687586683879535,1927,22300.0,1,0.29687586683879535,0.5697847408763894,A_bis,0.1,0.5,1.675
47,22550.0,1952,22920.0,1989,370.0,1961,22640.0,-0.05111882829886577,1979,22820.0,0.0032379237285597717,-0.2594829695066643,-0.1507694654518132,0.15724531290893273,1969,22720.0,1,0.15724531290893273,0.416728282415597,A_bis,0.1,0.5,1.675
48,22920.0,1989,23240.0,2021,320.0,1998,23010.0,0.016565111643243258,2012,23150.0,-0.0722879409648382,-0.1507694654518132,-0.3284755706679761,0.18389968873829968,2005,23080.0,1,0.18389968873829968,0.3346691541901129,A_bis,0.1,0.5,1.675
49,23240.0,2021,23760.0,2073,520.0,2029,23320.0,-0.13132453419448004,2066,23690.0,0.03141380697162878,-0.3284755706679761,-0.06337605113746034,0.1262036650807179,2060,23630.0,2,0.09601508367986697,0.454679235748694,A_bis,0.1,0.5,1.675
50,23760.0,2073,24200.0,2117,440.0,2085,23880.0,0.08698655514870682,2108,24110.0,-0.12132722426890963,-0.06337605113746034,-0.4800036099726932,0.23734916143487397,2099,24020.0,1,0.23734916143487397,0.3007252125723343,A_bis,0.1,0.5,1.675
51,24200.0,2117,24530.0,2150,330.0,2126,24290.0,-0.06220288735385182,2141,24440.0,0.0934232260986392,-0.4800036099726932,-0.16875138306771112,0.35559783526498956,2134,24370.0,1,0.35559783526498956,0.8356014452376828,A_bis,0.1,0.5,1.675
52,24530.0,2150,24860.0,2183,330.0,2159,24620.0,0.00608208030259752,2175,24780.0,0.011675789644059631,-0.16875138306771112,-0.15756396438478693,0.18091554367290616,2167,24700.0,1,0.18091554367290616,0.3496669267406173,A_bis,0.1,0.5,1.675
53,24860.0,2183,25220.0,2219,360.0,2192,24950.0,-0.022569674301191,2210,25130.0,-0.12217993443029806,-0.15756396438478693,-0.35678448464300105,0.1124246157824049,2201,25040.0,1,0.1124246157824049,0.26998858016719185,A_bis,0.1,0.5,1.675
54,25220.0,2219,25760.0,2273,540.0,2228,25310.0,-0.08278473685736448,2264,25670.0,0.03589400767278261,-0.35678448464300105,-0.21728675649714002,0.28907477184270525,2257,25600.0,2,0.24014489138548867,0.6458592564857063,A_bis,0.1,0.5,1.675
55,26040.0,2301,26400.0,2337,360.0,2311,26140.0,0.06313530071599485,2327,26300.0,0.09318223443424836,-0.14003618497743067,-0.07994231754092365,0.2663067864094204,2319,26220.0,1,0.2663067864094204,0.40634297138685105,A_bis,0.1,0.5,1.675
56,26400.0,2337,26710.0,2368,310.0,2346,26490.0,0.007277369670498551,2360,26630.0,-0.16980434019268187,-0.07994231754092365,-0.43410573726728446,0.09449705688192074,2352,26550.0,1,0.09449705688192074,0.1744393744228444,A_bis,0.1,0.5,1.675
57,26710.0,2368,27000.0,2397,290.0,2376,26790.0,-0.07382143577635691,2390,26930.0,0.12786061283646558,-0.43410573726728446,-0.03074164004163949,0.28646286571457064,2384,26870.0,1,0.28646286571457064,0.7205686029818551,A_bis,0.1,0.5,1.675
58,27000.0,2397,27380.0,2435,380.0,2404,27070.0,0.11359087472570878,2420,27230.0,0.028893608444240382,-0.03074164004163949,-0.20013617260457628,0.25792338949305704,2411,27140.0,1,0.25792338949305704,0.2886650295346965,A_bis,0.1,0.5,1.675
59,27440.0,2441,28020.0,2499,580.0,2455,27580.0,-0.02806575343470924,2483,27860.0,0.025526224999931638,-0.20988069200602194,-0.1026967351367402,0.15374918513660346,2465,27680.0,1,0.15374918513660346,0.3636298771426254,A_bis,0.1,0.5,1.675
60,28020.0,2499,28470.0,2544,450.0,2508,28110.0,0.08467665463975564,2531,28340.0,-0.004981868365594888,-0.1026967351367402,-0.28201378114744124,0.27205004441625147,2517,28200.0,1,0.27205004441625147,0.3747467795529917,A_bis,0.1,0.5,1.675
61,28470.0,2544,28850.0,2582,380.0,2555,28580.0,-0.048603521197909505,2573,28760.0,-0.03515460494411221,-0.28201378114744124,-0.25511594863984666,0.18480673875162226,2564,28670.0,1,0.18480673875162226,0.4668205198990635,A_bis,0.1,0.5,1.675
62,28850.0,2582,29450.0,2642,600.0,2591,28940.0,-0.07264634346510132,2633,29360.0,-0.006387682386076787,-0.25511594863984666,-0.15928770931016784,0.14651234453801423,2623,29260.0,2,0.12816780312382914,0.40162829317786086,A_bis,0.1,0.5,1.675
63,29450.0,2642,29740.0,2671,290.0,2649,29520.0,-0.016843120959319863,2662,29650.0,-0.005286896161409593,-0.15928770931016784,-0.1361752597143473,0.1256014673915281,2656,29590.0,1,0.1256014673915281,0.28488917670169595,A_bis,0.1,0.5,1.675
64,29990.0,2696,30380.0,2735,390.0,2709,30120.0,0.08742163185317951,2725,30280.0,-0.01302082714240732,-0.05818611648818035,-0.25907103447935403,0.2330293801945394,2717,30200.0,1,0.2330293801945394,0.29121549668271973,A_bis,0.1,0.5,1.675
65,30380.0,2735,30860.0,2783,480.0,2745,30480.0,-0.0021911245630444887,2768,30710.0,0.028683909375374156,-0.25907103447935403,-0.19732096660251672,0.25468878535326506,2755,30580.0,1,0.25468878535326506,0.5137598198326191,A_bis,0.1,0.5,1.675
66,31130.0,2810,31480.0,2845,350.0,2823,31260.0,0.09603335969450069,2838,31410.0,0.12060860455369589,-0.14085048560204164,-0.09169999588365126,0.33291720499104305,2831,31340.0,1,0.33291720499104305,0.47376769059308466,A_bis,0.1,0.5,1.675
67,31480.0,2845,31860.0,2883,380.0,2852,31550.0,0.05866931242369168,2867,31700.0,-0.002413773123085411,-0.09169999588365126,-0.21386616697720545,0.20903862073103463,2859,31620.0,1,0.20903862073103463,0.30073861661468587,A_bis,0.1,0.5,1.675
68,31860.0,2883,32150.0,2912,290.0,2893,31960.0,-0.07867275026963888,2906,32090.0,0.00686397210471186,-0.21386616697720545,-0.042792722228503985,0.056520666437927705,2901,32040.0,1,0.056520666437927705,0.27038683341513314,A_bis,0.1,0.5,1.675
69,32150.0,2912,32360.0,2933,210.0,2916,32190.0,-0.0090063662207873,2927,32300.0,-0.07220659058535356,-0.042792722228503985,-0.1691931709576365,0.02477998978692939,2921,32240.0,1,0.02477998978692939,0.06757271201543337,A_bis,0.1,0.5,1.675
70,32360.0,2933,32770.0,2974,410.0,2943,32460.0,0.06834142671057361,2965,32680.0,0.028717338400493314,-0.1691931709576365,-0.2484413475777971,0.30587602437878375,2954,32570.0,1,0.30587602437878375,0.4750691953364202,A_bis,0.1,0.5,1.675
0,3800.0,77,4410.0,138,610.0,88,3910.0,0.576584115289136,114,4170.0,0.8329293071420653,-0.9373379641789685,-0.42464758047311013,2.0905061947572405,99,4020.0,1,2.0905061947572405,3.027844158936209,B,0.2,0.0,1.675
1,4410.0,138,4810.0,178,400.0,147,4500.0,-0.17611666626795397,165,4680.0,-0.21464770710527464,-0.42464758047311013,-0.5017096621477515,0.07241424793720219,155,4580.0,1,0.07241424793720219,0.4970618284103123,B,0.2,0.0,1.675
2,4810.0,178,5250.0,222,440.0,193,4960.0,-0.2185279793914321,213,5160.0,-0.2402445385490159,-0.5017096621477515,-0.5451427804629191,0.06465370336488732,205,5080.0,1,0.06465370336488732,0.5663633655126388,B,0.2,0.0,1.675
3,5670.0,264,6270.0,324,600.0,277,5800.0,1.0091009728913063,301,6040.0,1.0547244280619936,-0.7103673254705071,-0.6191204151291329,2.7285692712531198,287,5900.0,1,2.7285692712531198,3.438936596723627,B,0.2,0.0,1.675
4,7440.0,441,8330.0,530,890.0,452,7550.0,1.0986182780203675,481,7840.0,0.5374283019546793,-1.4226751266923323,-2.545055078823709,3.619911682733067,463,7660.0,1,3.619911682733067,5.0425868094254,B,0.2,0.0,1.675
5,8330.0,530,8990.0,596,660.0,543,8460.0,0.21596949956629485,569,8720.0,1.3444640499135319,-2.545055078823709,-0.28806597812923523,2.9769940779562987,554,8570.0,1,2.9769940779562987,5.522049156780008,B,0.2,0.0,1.675
6,10020.0,699,10750.0,772,730.0,711,10140.0,1.019839548862618,736,10390.0,1.1150695549105052,-1.0047970543278721,-0.8143370422320978,3.0444761520531083,721,10240.0,1,3.0444761520531083,4.04927320638098,B,0.2,0.0,1.675
7,11360.0,833,12130.0,910,770.0,846,11490.0,0.9799951449827982,877,11800.0,1.2772907517934913,-1.7107666072346766,-1.1161753936132905,3.6707568972002727,857,11600.0,1,3.6707568972002727,5.381523504434949,B,0.2,0.0,1.675
8,12800.0,977,13430.0,1040,630.0,989,12920.0,1.0449322311187001,1016,13190.0,1.5057239121075439,-1.3582840525996012,-0.4367006906219141,3.4481485148370017,1000,13030.0,1,3.4481485148370017,4.806432567436603,B,0.2,0.0,1.675
9,13990.0,1096,14740.0,1171,750.0,1108,14110.0,0.41143027783136366,1139,14420.0,0.4361997748685238,-1.1979600689628065,-1.148421074888486,2.0208206246255336,1118,14210.0,1,2.0208206246255336,3.2187806935883403,B,0.2,0.0,1.675
10,14740.0,1171,15340.0,1231,600.0,1186,14890.0,0.23318858967496503,1214,15170.0,0.4554844096662508,-1.148421074888486,-0.7038294349059145,1.6147982542384163,1198,15010.0,1,1.6147982542384163,2.763219329126902,B,0.2,0.0,1.675
11,15570.0,1254,15870.0,1284,300.0,1263,15660.0,-0.2644179294011922,1276,15790.0,-0.11845972591720286,-0.5422697915467132,-0.2503533845787346,0.013433932744328846,1271,15740.0,1,0.013433932744328846,0.555703724291042,B,0.2,0.0,1.675
12,15870.0,1284,16340.0,1331,470.0,1291,15940.0,-0.07504158277047063,1324,16270.0,0.05870639795160838,-0.2503533845787346,-0.08360224562470973,0.20101504152792649,1317,16200.0,2,0.1506426302828599,0.45136842610666106,B,0.2,0.0,1.675
13,16340.0,1331,17090.0,1406,750.0,1339,16420.0,0.16171155334780923,1389,16920.0,0.022267776031678344,-0.08360224562470973,-0.39151858943522816,0.43605414149858485,1372,16750.0,2,0.4215397469094565,0.5196563871232945,B,0.2,0.0,1.675
14,17770.0,1474,18510.0,1548,740.0,1485,17880.0,0.5941911196474481,1508,18110.0,0.9773147524725363,-1.1882639005784281,-0.4220166349282514,2.376646139873324,1495,17980.0,1,2.376646139873324,3.5649100404517524,B,0.2,0.0,1.675
15,19190.0,1616,19830.0,1680,640.0,1628,19310.0,0.9338646188354733,1654,19570.0,1.301002645628972,-1.5027929525523893,-0.7685168989653923,3.3705221902233364,1638,19410.0,1,3.3705221902233364,4.873315142775725,B,0.2,0.0,1.675
16,20350.0,1732,21080.0,1805,730.0,1745,20480.0,0.6372413134442838,1793,20960.0,-0.14552909245887646,-1.132446265668611,-0.7598427205841298,2.4069288925571786,1755,20580.0,2,1.4378567141117777,3.5393751582257895,B,0.2,0.0,1.675
17,21490.0,1846,22190.0,1916,700.0,1860,21630.0,0.49361508591412195,1887,21900.0,0.8916281503286401,-1.3185205459727636,-0.5224944171437276,2.3057507178010077,1873,21760.0,1,2.3057507178010077,3.624271263773771,B,0.2,0.0,1.675
18,23470.0,2044,24410.0,2138,940.0,2057,23600.0,0.7695484229129985,2085,23880.0,0.8499940046962794,-1.1240743347310425,-0.9631831711644804,2.6631711805570393,2068,23710.0,1,2.6631711805570393,3.787245515288082,B,0.2,0.0,1.675
19,24840.0,2181,25600.0,2257,760.0,2193,24960.0,1.0066721839570296,2221,25240.0,1.503827768270078,-1.7228905212467414,-0.728579352620644,3.7362348891608006,2204,25070.0,1,3.7362348891608006,5.459125410407542,B,0.2,0.0,1.675
20,26270.0,2324,27200.0,2417,930.0,2335,26380.0,0.78383547449473,2361,26640.0,0.4341894205191934,-1.0411062747514759,-1.7403983827025489,2.608777223740936,2345,26480.0,1,2.608777223740936,3.649883498492412,B,0.2,0.0,1.675
21,27200.0,2417,27980.0,2495,780.0,2429,27320.0,0.578934552956673,2457,27600.0,0.7625565867368724,-1.7403983827025489,-1.3731543151421501,2.8982674886158946,2440,27430.0,1,2.8982674886158946,4.638665871318444,B,0.2,0.0,1.675
22,27980.0,2495,28480.0,2545,500.0,2507,28100.0,-0.19577667022660994,2530,28330.0,0.09172961510193156,-1.3731543151421501,-0.7981417444850671,0.9816009746889304,2518,28210.0,1,0.9816009746889304,2.3547552898310804,B,0.2,0.0,1.675
23,28710.0,2568,29290.0,2626,580.0,2580,28830.0,0.45304869845065654,2604,29070.0,0.7497178579229485,-1.107763527157581,-0.5144252082129969,2.013860924058894,2590,28930.0,1,2.013860924058894,3.121624451216475,B,0.2,0.0,1.675
24,29620.0,2659,29950.0,2692,330.0,2670,29730.0,-0.1717826197338734,2685,29880.0,-0.19818838977407832,-0.35215252023155613,-0.40496406031196597,0.008587280763809345,2678,29810.0,1,0.008587280763809345,0.36073980099536546,B,0.2,0.0,1.675
25,29950.0,2692,30630.0,2760,680.0,2701,30040.0,0.024914851299123852,2745,30480.0,0.14547152302588098,-0.40496406031196597,-0.2328520595650622,0.5237951056168242,2735,30380.0,2,0.48929443426351893,0.9287591659287902,B,0.2,0.0,1.675
26,31010.0,2798,31630.0,2860,620.0,2810,31130.0,0.4907729724900458,2833,31360.0,0.4716100613695178,-1.0061527692141903,-1.0444785914552464,1.987698714194282,2820,31230.0,1,1.987698714194282,2.993851483408472,B,0.2,0.0,1.675
27,31820.0,2879,32440.0,2941,620.0,2891,31940.0,0.2710134958389925,2912,32150.0,0.7669202465200544,-1.4339383337961564,-0.4421248324340324,1.9759653254741412,2901,32040.0,1,1.9759653254741412,3.409903659270298,B,0.2,0.0,1.675
28,32440.0,2941,32840.0,2981,400.0,2951,32540.0,-0.21855942457180427,2970,32730.0,-0.12036650572806909,-0.4421248324340324,-0.24573899474656202,0.005005983290423831,2960,32630.0,1,0.005005983290423831,0.44713081572445623,B,0.2,0.0,1.675
0,3130.0,10,3460.0,43,330.0,18,3210.0,-0.01778845976885393,34,3370.0,-0.022007690449953737,-0.14022010133434942,-0.14865856269654906,0.10464318179664156,26,3290.0,1,0.10464318179664156,0.24486328313099098,B_bis,0.2,0.5,1.675
1,3460.0,43,3780.0,75,320.0,52,3550.0,0.0004754196555248613,67,3700.0,0.018056882362534443,-0.14865856269654906,-0.11349563728252993,0.1496094020075988,59,3620.0,1,0.1496094020075988,0.29826796470414785,B_bis,0.2,0.5,1.675
2,3780.0,75,4220.0,119,440.0,82,3850.0,-0.0216937540865164,112,4150.0,-0.05466859874352417,-0.11349563728252993,-0.16304239049706226,0.07010812910949712,89,3920.0,2,0.06190666105975552,0.18360376639202705,B_bis,0.2,0.5,1.675
3,4220.0,119,4520.0,149,300.0,127,4300.0,0.029599128877474568,140,4430.0,0.008045727380393775,-0.16304239049706226,-0.2061491934912239,0.22224064825201142,133,4360.0,1,0.22224064825201142,0.38528303874907366,B_bis,0.2,0.5,1.675
4,4520.0,149,4920.0,189,400.0,160,4630.0,-0.038869150943294434,181,4840.0,-0.028351474498494678,-0.2061491934912239,-0.1851138406016244,0.12841089160463504,172,4750.0,1,0.12841089160463504,0.33456008509585894,B_bis,0.2,0.5,1.675
5,4920.0,189,5320.0,229,400.0,198,5010.0,-0.015050892907436386,220,5230.0,0.03384747045408841,-0.1851138406016244,-0.08731711387857483,0.15501205478675165,211,5140.0,1,0.15501205478675165,0.340125895388376,B_bis,0.2,0.5,1.675
6,5320.0,229,5570.0,254,250.0,235,5380.0,-0.011321225756454278,247,5500.0,-0.004479345562631229,-0.08731711387857483,-0.07363335349092874,0.06467466236566628,241,5440.0,1,0.06467466236566628,0.1519917762442411,B_bis,0.2,0.5,1.675
7,5570.0,254,5870.0,284,300.0,262,5650.0,0.02395222150922155,275,5780.0,0.0024465689436511118,-0.07363335349092874,-0.11664465862206962,0.12153779650937184,268,5710.0,1,0.12153779650937184,0.19517115000030058,B_bis,0.2,0.5,1.675
8,5870.0,284,6160.0,313,290.0,292,5950.0,-0.045708936346508994,306,6090.0,-0.020757443157445876,-0.11664465862206962,-0.06674167224394338,0.025226785929051636,300,6030.0,1,0.025226785929051636,0.14187144455112125,B_bis,0.2,0.5,1.675
9,6160.0,313,6450.0,342,290.0,321,6240.0,0.05136877400133201,334,6370.0,-0.05307978819110573,-0.06674167224394338,-0.27563879662881885,0.1694792202466074,327,6300.0,1,0.1694792202466074,0.23622089249055078,B_bis,0.2,0.5,1.675
10,6450.0,342,6880.0,385,430.0,351,6540.0,-0.03908300858737562,368,6710.0,0.06713768140192272,-0.27563879662881885,-0.06319741665022216,0.1974727794540676,359,6620.0,1,0.1974727794540676,0.47311157608288645,B_bis,0.2,0.5,1.675
11,6940.0,391,7440.0,441,500.0,402,7050.0,0.007258400399072815,431,7340.0,-0.012155721342506351,-0.058351582605793734,-0.09717982608895206,0.07286838340393936,412,7150.0,1,0.07286838340393936,0.1312199660097331,B_bis,0.2,0.5,1.675
12,7440.0,441,7750.0,472,310.0,450,7530.0,0.040403373394899605,464,7670.0,-0.023765186143841627,-0.09717982608895206,-0.22551694516643453,0.1779865728787513,457,7600.0,1,0.1779865728787513,0.27516639896770334,B_bis,0.2,0.5,1.675
13,7750.0,472,8070.0,504,320.0,480,7830.0,0.013181447271202934,495,7980.0,0.04869181770215955,-0.22551694516643453,-0.1544962043045213,0.25187983970884037,488,7910.0,1,0.25187983970884037,0.4773967848752749,B_bis,0.2,0.5,1.675
14,8070.0,504,8370.0,534,300.0,511,8140.0,-0.06261885303084103,526,8290.0,-0.04090301571196785,-0.1544962043045213,-0.11106452966677495,0.029258498242839253,519,8220.0,1,0.029258498242839253,0.18375470254736054,B_bis,0.2,0.5,1.675
15,8370.0,534,8860.0,583,490.0,542,8450.0,-0.004042974401495439,576,8790.0,-0.04170585986716152,-0.11106452966677495,-0.13759973154995603,0.10297858086378407,549,8520.0,2,0.07858329633970854,0.21404311053055902,B_bis,0.2,0.5,1.675
16,8860.0,583,9170.0,614,310.0,591,8940.0,0.024522584445513806,605,9080.0,0.009579326005150907,-0.13759973154995603,-0.16748624843068186,0.18664490044098367,598,9010.0,1,0.18664490044098367,0.32424463199093967,B_bis,0.2,0.5,1.675
17,9170.0,614,9760.0,673,590.0,636,9390.0,0.005131081222832151,663,9660.0,0.041184946758200405,-0.16748624843068186,-0.09537851735994536,0.17774841087634616,652,9550.0,1,0.17774841087634616,0.345234659307028,B_bis,0.2,0.5,1.675
18,10000.0,697,10410.0,738,410.0,709,10120.0,0.026551108753757907,729,10320.0,0.044570427255610806,-0.223443145073099,-0.1874045080693932,0.2765453625806148,720,10230.0,1,0.2765453625806148,0.49998850765371383,B_bis,0.2,0.5,1.675
19,10410.0,738,10670.0,764,260.0,746,10490.0,-0.052595616815136165,757,10600.0,0.026921271885766148,-0.1874045080693932,-0.02837073066758861,0.08221327443912091,753,10560.0,1,0.08221327443912091,0.2696177825085141,B_bis,0.2,0.5,1.675
20,10670.0,764,10940.0,791,270.0,771,10740.0,0.03922120078144768,783,10860.0,0.006861332292120603,-0.02837073066758861,-0.09309046764624276,0.10681313223048397,776,10790.0,1,0.10681313223048397,0.13518386289807258,B_bis,0.2,0.5,1.675
21,10940.0,791,11220.0,819,280.0,798,11010.0,-0.022418201265152565,811,11140.0,-0.06258745883175049,-0.09309046764624276,-0.1734289827794386,0.04825406511593763,804,11070.0,1,0.04825406511593763,0.1413445327621804,B_bis,0.2,0.5,1.675
22,11220.0,819,11550.0,852,330.0,827,11300.0,0.019611103172980676,843,11460.0,0.04293547432754696,-0.1734289827794386,-0.12678024047030606,0.2126511891254,835,11380.0,1,0.2126511891254,0.38608017190483856,B_bis,0.2,0.5,1.675
23,11550.0,852,11980.0,895,430.0,861,11640.0,-0.041950926838051045,883,11860.0,-0.0006080427371572134,-0.12678024047030606,-0.04409447226851841,0.042878386794203985,872,11750.0,1,0.042878386794203985,0.16965862726451003,B_bis,0.2,0.5,1.675
24,11980.0,895,12300.0,927,320.0,904,12070.0,0.005569199548829486,921,12240.0,0.024791963223348017,-0.04409447226851841,-0.003782903777355102,0.05523287136617738,912,12150.0,2,0.05429985079511426,0.0993273436346958,B_bis,0.2,0.5,1.675
25,12300.0,927,12610.0,958,310.0,937,12400.0,0.023596370914668593,950,12530.0,-0.014842190915401426,-0.003782903777355102,-0.08066002743749515,0.05097564560669229,942,12450.0,1,0.05097564560669229,0.05475854938404739,B_bis,0.2,0.5,1.675
26,12760.0,973,13310.0,1028,550.0,981,12840.0,0.006632314024400343,1018,13210.0,-0.018675611843923495,-0.016558420719900595,-0.08555505467261515,0.048203830984768166,1007,13100.0,2,0.03901343987673472,0.06476225170466876,B_bis,0.2,0.5,1.675
27,13310.0,1028,13620.0,1059,310.0,1038,13410.0,0.006679198336436765,1051,13540.0,-0.010135709663396525,-0.08555505467261515,-0.1191848706722817,0.09891345134548866,1044,13470.0,1,0.09891345134548866,0.18446850601810383,B_bis,0.2,0.5,1.675
28,13620.0,1059,13990.0,1096,370.0,1068,13710.0,0.042313164946912535,1087,13900.0,-0.03896803334827981,-0.1191848706722817,-0.28174726726266636,0.20381120056610677,1077,13800.0,1,0.20381120056610677,0.32299607123838847,B_bis,0.2,0.5,1.675
29,13990.0,1096,14310.0,1128,320.0,1105,14080.0,-0.06292123261701288,1120,14230.0,0.015135567394067656,-0.28174726726266636,-0.12563366724050531,0.1559048020286406,1113,14160.0,1,0.1559048020286406,0.43765206929130696,B_bis,0.2,0.5,1.675
30,14310.0,1128,14670.0,1164,360.0,1136,14390.0,0.06589397022669172,1152,14550.0,0.05029056908133761,-0.12563366724050531,-0.15684046953121356,0.2574216076938888,1144,14470.0,1,0.2574216076938888,0.38305527493439406,B_bis,0.2,0.5,1.675
31,14910.0,1188,15180.0,1215,270.0,1196,14990.0,0.011952950696744874,1208,15110.0,0.06419301644665512,-0.14330111660569636,-0.03882098510587583,0.16720701799918608,1203,15060.0,1,0.16720701799918608,0.31050813460488247,B_bis,0.2,0.5,1.675
32,15180.0,1215,15470.0,1244,290.0,1222,15250.0,0.10449750122740711,1236,15390.0,0.01874549494829894,-0.03882098510587583,-0.21032499766409218,0.24781598756069007,1228,15310.0,1,0.24781598756069007,0.2866369726665659,B_bis,0.2,0.5,1.675
33,15470.0,1244,15790.0,1276,320.0,1252,15550.0,-0.013077623662284155,1266,15690.0,0.0005328591166442187,-0.21032499766409218,-0.18310403210623546,0.1841697503395239,1259,15620.0,1,0.1841697503395239,0.39449474800361606,B_bis,0.2,0.5,1.675
34,15790.0,1276,16250.0,1322,460.0,1291,15940.0,-0.045765898378196695,1312,16150.0,-0.044476885183804105,-0.18310403210623546,-0.18052600571745028,0.09157223534984207,1304,16070.0,1,0.09157223534984207,0.27467626745607754,B_bis,0.2,0.5,1.675
35,16250.0,1322,16700.0,1367,450.0,1334,16370.0,-0.006956932149072004,1359,16620.0,0.028980500184076496,-0.18052600571745028,-0.10865114105115331,0.16661214141930628,1350,16530.0,1,0.16661214141930628,0.34713814713675656,B_bis,0.2,0.5,1.675
36,16700.0,1367,16930.0,1390,230.0,1373,16760.0,-0.014889429415157834,1384,16870.0,0.004571099565838829,-0.10865114105115331,-0.06973008308915997,0.07887228222083763,1379,16820.0,1,0.07887228222083763,0.18752342327199095,B_bis,0.2,0.5,1.675
37,16930.0,1390,17230.0,1420,300.0,1397,17000.0,0.11338336696800606,1411,17140.0,0.04856809050316671,-0.06973008308915997,-0.19936063601883866,0.2964968170251721,1404,17070.0,1,0.2964968170251721,0.36622690011433207,B_bis,0.2,0.5,1.675
38,17450.0,1442,17750.0,1472,300.0,1450,17530.0,0.02769882803376561,1464,17670.0,0.026303883393361538,-0.13594744723437296,-0.1387373365151811,0.19134510330190418,1457,17600.0,1,0.19134510330190418,0.32729255053627715,B_bis,0.2,0.5,1.675
39,17750.0,1472,17990.0,1496,240.0,1478,17810.0,-0.056548869247411856,1489,17920.0,-0.0446417184443683,-0.1387373365151811,-0.11492303490909402,0.025639598020357396,1483,17860.0,1,0.025639598020357396,0.1643769345355385,B_bis,0.2,0.5,1.675
40,17990.0,1496,18460.0,1543,470.0,1518,18210.0,0.038581468579950026,1534,18370.0,0.041243464834409646,-0.11492303490909402,-0.1095990424001748,0.19208597206899408,1527,18300.0,1,0.19208597206899408,0.3070090069780881,B_bis,0.2,0.5,1.675
41,18670.0,1564,18980.0,1595,310.0,1573,18760.0,0.04889130744990525,1587,18900.0,0.04330651019022849,-0.11207570757175758,-0.12324530209111109,0.20985832247156808,1581,18840.0,1,0.20985832247156808,0.32193403004332566,B_bis,0.2,0.5,1.675
42,18980.0,1595,19270.0,1624,290.0,1602,19050.0,0.08092768170415074,1616,19190.0,0.03840128805465712,-0.12324530209111109,-0.20829808939009836,0.2851006654994126,1608,19110.0,1,0.2851006654994126,0.40834596759052366,B_bis,0.2,0.5,1.675
43,19270.0,1624,19630.0,1660,360.0,1632,19350.0,-0.09110983113982016,1652,19550.0,-0.0788333379627111,-0.20829808939009836,-0.18374510303588024,0.026078427110458043,1643,19460.0,1,0.026078427110458043,0.2343765165005564,B_bis,0.2,0.5,1.675
44,19630.0,1660,19960.0,1693,330.0,1669,19720.0,-0.011558470241344404,1683,19860.0,-0.016356529315563445,-0.18374510303588024,-0.19334122118431826,0.1606281625531914,1676,19790.0,1,0.1606281625531914,0.34437326558907166,B_bis,0.2,0.5,1.675
45,19960.0,1693,20410.0,1738,450.0,1710,20130.0,0.0462896825092137,1729,20320.0,0.11323227519704157,-0.19334122118431826,-0.05945603580866257,0.2859205862027457,1721,20240.0,1,0.2859205862027457,0.4792618073870639,B_bis,0.2,0.5,1.675
46,20410.0,1738,20710.0,1768,300.0,1746,20490.0,0.022523107264378422,1760,20630.0,-0.025832680793074658,-0.05945603580866257,-0.15616761192356873,0.10450225033741943,1752,20550.0,1,0.10450225033741943,0.163958286146082,B_bis,0.2,0.5,1.675
47,20710.0,1768,21170.0,1814,460.0,1775,20780.0,-0.04221175411910928,1806,21090.0,-0.050575139695798854,-0.15616761192356873,-0.16916360206577705,0.07174410368535017,1782,20850.0,2,0.06987871317976477,0.2279117156089189,B_bis,0.2,0.5,1.675
48,21620.0,1859,22080.0,1905,460.0,1874,21770.0,0.1007894896909058,1895,21980.0,0.02094064682832844,-0.06579357243440666,-0.22549125815956142,0.2673725518162183,1885,21880.0,1,0.2673725518162183,0.3331661242506249,B_bis,0.2,0.5,1.675
49,22080.0,1905,22560.0,1953,480.0,1914,22170.0,-0.03726193985020357,1942,22450.0,-0.005711034145067823,-0.22549125815956142,-0.16238944674928993,0.15096737845915426,1923,22260.0,1,0.15096737845915426,0.3764586366187157,B_bis,0.2,0.5,1.675
50,22560.0,1953,22920.0,1989,360.0,1962,22650.0,-0.06781468880632839,1983,22860.0,0.0009061496800570369,-0.16238944674928993,-0.024947769776519062,0.026760069136633136,1977,22800.0,1,0.026760069136633136,0.18914951588592308,B_bis,0.2,0.5,1.675
51,22920.0,1989,23240.0,2021,320.0,1997,23000.0,0.06629655883353994,2012,23150.0,-0.03278873996433371,-0.024947769776519062,-0.22311836737226637,0.15754088744359895,2003,23060.0,1,0.15754088744359895,0.182488657220118,B_bis,0.2,0.5,1.675
52,23240.0,2021,23520.0,2049,280.0,2030,23330.0,-0.09158971344407876,2045,23480.0,0.018775761227863712,-0.22311836737226637,-0.0023874180283814032,0.03993894048410883,2039,23420.0,1,0.03993894048410883,0.2630573078563752,B_bis,0.2,0.5,1.675
53,23520.0,2049,23900.0,2087,380.0,2059,23620.0,0.0561614872218374,2079,23820.0,0.007248998383490107,-0.0023874180283814032,-0.10021239570507601,0.11471039247205621,2069,23720.0,1,0.11471039247205621,0.1170978105004376,B_bis,0.2,0.5,1.675
54,23900.0,2087,24190.0,2116,290.0,2095,23980.0,0.017630672236132627,2108,24110.0,-0.049993848750821995,-0.10021239570507601,-0.23546143767898525,0.13547374017734126,2101,24040.0,1,0.13547374017734126,0.23568613588241727,B_bis,0.2,0.5,1.675
55,24190.0,2116,24550.0,2152,360.0,2124,24270.0,-0.016767395030255844,2141,24440.0,0.052372993499980355,-0.23546143767898525,-0.09718066061851284,0.20192664761847356,2133,24360.0,1,0.20192664761847356,0.4373880852974588,B_bis,0.2,0.5,1.675
56,24550.0,2152,24900.0,2187,350.0,2162,24650.0,0.019921462950541965,2178,24810.0,-0.015077986660155002,-0.09718066061851284,-0.16717955983990676,0.13702358651959679,2169,24720.0,1,0.13702358651959679,0.2342042471381096,B_bis,0.2,0.5,1.675
57,24900.0,2187,25230.0,2220,330.0,2195,24980.0,-0.026493946144580144,2211,25140.0,-0.06125069297147159,-0.16717955983990676,-0.23669305349368971,0.1141916675507465,2203,25060.0,1,0.1141916675507465,0.28137122739065323,B_bis,0.2,0.5,1.675
58,25230.0,2220,25720.0,2269,490.0,2229,25320.0,-0.04164518890709146,2263,25660.0,-0.0011522030304692565,-0.23669305349368971,-0.06892814554876,0.1534026756795068,2237,25400.0,2,0.11001320758366415,0.3900957291731965,B_bis,0.2,0.5,1.675
59,25720.0,2269,26040.0,2301,320.0,2278,25810.0,0.026841251204739375,2291,25940.0,0.011304398233813406,-0.06892814554876,-0.10000185149061193,0.12261064795823874,2284,25870.0,1,0.12261064795823874,0.19153879350699876,B_bis,0.2,0.5,1.675
60,26040.0,2301,26680.0,2365,640.0,2327,26300.0,0.01895743908045601,2353,26560.0,-0.03519769267471326,-0.10000185149061193,-0.20831211500095045,0.13791672965152396,2339,26420.0,1,0.13791672965152396,0.23791858114213588,B_bis,0.2,0.5,1.675
61,26680.0,2365,26990.0,2396,310.0,2375,26780.0,-0.007246004205777784,2389,26920.0,0.04657449300993177,-0.20831211500095045,-0.10067112056953137,0.19382010658939489,2383,26860.0,1,0.19382010658939489,0.40213222159034534,B_bis,0.2,0.5,1.675
62,26990.0,2396,27300.0,2427,310.0,2404,27070.0,0.05510478719428202,2418,27210.0,0.004193481643356117,-0.10067112056953137,-0.20249373167138315,0.21088069495809542,2411,27140.0,1,0.21088069495809542,0.3115518155276268,B_bis,0.2,0.5,1.675
63,27530.0,2450,28260.0,2523,730.0,2459,27620.0,0.01963764218471721,2515,28180.0,-0.0026335402929175133,-0.12211175116662205,-0.09823278343790495,0.1613870355360565,2468,27710.0,3,0.09927794846507243,0.28349878670267853,B_bis,0.2,0.5,1.675
64,28480.0,2545,28830.0,2580,350.0,2554,28570.0,0.002376129543185751,2570,28730.0,-0.007565334210854507,-0.18723452818928063,-0.20711745569736117,0.19198678727565216,2562,28650.0,1,0.19198678727565216,0.37922131546493276,B_bis,0.2,0.5,1.675
65,28830.0,2580,29240.0,2621,410.0,2591,28940.0,-0.00241716430002481,2612,29150.0,0.08808146383094662,-0.20711745569736117,-0.0261201994354183,0.20228312709731153,2603,29060.0,1,0.20228312709731153,0.40940058279467273,B_bis,0.2,0.5,1.675
66,29240.0,2621,29520.0,2649,280.0,2627,29300.0,0.02751594637360615,2640,29430.0,-0.04362925932950332,-0.0261201994354183,-0.16841061084163722,0.0811520921826306,2633,29360.0,1,0.0811520921826306,0.1072722916180489,B_bis,0.2,0.5,1.675
67,29800.0,2677,30450.0,2742,650.0,2686,29890.0,0.008871834630707724,2733,30360.0,-0.016497658007570193,-0.026161175765191218,-0.1780586835169062,0.14506336750176582,2722,30250.0,2,0.09448410626418624,0.17122454326695705,B_bis,0.2,0.5,1.675
68,30450.0,2742,30960.0,2793,510.0,2751,30540.0,-0.06522323680537814,2783,30860.0,-0.05370539809216815,-0.1780586835169062,-0.18655379971268843,0.07914300352835213,2775,30780.0,2,0.06337760671725104,0.25720168704525836,B_bis,0.2,0.5,1.675
69,30960.0,2793,31770.0,2874,810.0,2807,31100.0,-0.042713681836472284,2863,31660.0,-0.011092318894340314,-0.18655379971268843,-0.1338234708640105,0.11163883307532987,2853,31560.0,3,0.104386230121576,0.29819263278801833,B_bis,0.2,0.5,1.675
70,32000.0,2897,32340.0,2931,340.0,2911,32140.0,0.0016119573229288198,2925,32280.0,0.0152354075240725,-0.09702538892491144,-0.06977848852262408,0.10024930357076908,2918,32210.0,1,0.10024930357076908,0.19727469249568053,B_bis,0.2,0.5,1.675
71,32340.0,2931,32630.0,2960,290.0,2939,32420.0,0.04719841751376984,2951,32540.0,0.07684258684116635,-0.06977848852262408,-0.01049014986783104,0.16417532355016376,2946,32490.0,1,0.16417532355016376,0.23395381207278784,B_bis,0.2,0.5,1.675
72,32630.0,2960,32930.0,2990,300.0,2966,32690.0,0.0006213328656405528,2979,32820.0,-0.03510170682174239,-0.01049014986783104,-0.08193622924259693,0.011732815599112146,2969,32720.0,1,0.011732815599112146,0.022222965466943186,B_bis,0.2,0.5,1.675
0,3810.0,78,4420.0,139,610.0,89,3920.0,0.49566606001833524,113,4160.0,0.8368284546981131,-0.9547591675078305,-0.2724343781482747,1.9460912875445011,100,4030.0,1,1.9460912875445011,2.9008504550523315,C,0.3,0.0,1.675
1,5640.0,261,6290.0,326,650.0,275,5780.0,0.6874111835168973,301,6040.0,0.8941498588186036,-0.9223859700765936,-0.5089086194731809,2.2972083371103884,286,5890.0,1,2.2972083371103884,3.219594307186982,C,0.3,0.0,1.675
2,7420.0,439,8310.0,528,890.0,451,7540.0,0.9334617617604117,480,7830.0,0.5162355067959938,-1.1529547720728213,-1.9874072820016575,3.019878295593645,462,7650.0,1,3.019878295593645,4.172833067666466,C,0.3,0.0,1.675
3,8310.0,528,9160.0,613,850.0,542,8450.0,0.165702316817115,571,8740.0,0.9288837466948227,-1.9874072820016575,-0.46104442224624187,2.3188119156358873,554,8570.0,1,2.3188119156358873,4.306219197637545,C,0.3,0.0,1.675
4,10020.0,699,10770.0,774,750.0,711,10140.0,0.9725242829330468,737,10400.0,1.01676986695926,-0.9512328911113214,-0.8627417230588948,2.896281456977415,721,10240.0,1,2.896281456977415,3.8475143480887364,C,0.3,0.0,1.675
5,11370.0,834,12140.0,911,770.0,846,11490.0,0.920922557450724,878,11810.0,1.3252416409023733,-1.8455954391672587,-1.0369572722639597,3.6874405540687065,858,11610.0,1,3.6874405540687065,5.533035993235965,C,0.3,0.0,1.675
6,12790.0,976,13750.0,1072,960.0,988,12910.0,0.8328542614679375,1019,13220.0,0.8622507967689141,-1.1055507607056552,-1.046757690103702,2.7712592836415304,999,13020.0,1,2.7712592836415304,3.8768100443471853,C,0.3,0.0,1.675
7,13970.0,1094,14580.0,1155,610.0,1106,14090.0,0.3875775264242409,1134,14370.0,0.5223731848554499,-1.0405130398873697,-0.7709217230249515,1.8156680927358515,1117,14200.0,1,1.8156680927358515,2.856181132623221,C,0.3,0.0,1.675
8,14790.0,1176,15360.0,1233,570.0,1187,14900.0,0.25714246853547507,1214,15170.0,0.5416488261138733,-1.1426511910387986,-0.5736384758820018,1.6569361281097486,1198,15010.0,1,1.6569361281097486,2.7995873191485474,C,0.3,0.0,1.675
9,15870.0,1284,17070.0,1404,1200.0,1298,16010.0,-0.016967435620443894,1392,16950.0,0.012201350099936281,-0.3191609027970659,-0.2893353887261948,0.31373808892606736,1366,16690.0,3,0.26083055930197435,0.6328989917231332,C,0.3,0.0,1.675
10,17760.0,1473,18520.0,1549,760.0,1484,17870.0,0.5523979407132862,1509,18120.0,0.7876688349447919,-0.887457451193223,-0.4169156627302114,1.992253332619795,1495,17980.0,1,1.992253332619795,2.8797107838130183,C,0.3,0.0,1.675
11,19180.0,1615,19810.0,1678,630.0,1627,19300.0,0.759243222542586,1653,19560.0,1.053347824367983,-1.167500376640975,-0.5792911729901808,2.685986821726147,1638,19410.0,1,2.685986821726147,3.853487198367122,C,0.3,0.0,1.675
12,20320.0,1729,21110.0,1808,790.0,1744,20470.0,0.5460855490300244,1794,20970.0,-0.17589834332721993,-0.7747933211920525,-0.6523394328236802,1.8669644192521013,1755,20580.0,2,1.0837535827106708,2.6417577404441537,C,0.3,0.0,1.675
13,21520.0,1849,22200.0,1917,680.0,1862,21650.0,0.590441057836897,1888,21910.0,1.015995278947717,-1.3054838321541613,-0.45437538993252163,2.4863659478279554,1874,21770.0,1,2.4863659478279554,3.7918497799821167,C,0.3,0.0,1.675
14,23480.0,2045,24410.0,2138,930.0,2058,23610.0,0.8938415903910839,2085,23880.0,0.9071705432209181,-1.032904670894289,-1.0062467652346208,2.820587851676457,2069,23720.0,1,2.820587851676457,3.853492522570746,C,0.3,0.0,1.675
15,24820.0,2179,25590.0,2256,770.0,2192,24950.0,0.8111997258203056,2221,25240.0,1.1795783658049634,-1.388872473138677,-0.6521151931693613,3.011271924779288,2204,25070.0,1,3.011271924779288,4.400144397917965,C,0.3,0.0,1.675
16,26260.0,2323,27180.0,2415,920.0,2334,26370.0,0.6511387961266624,2360,26630.0,0.5373204161459719,-1.076730114437979,-1.30436687439936,2.379007706691304,2345,26480.0,1,2.379007706691304,3.455737821129283,C,0.3,0.0,1.675
17,27180.0,2415,27980.0,2495,800.0,2428,27310.0,0.4440019761466656,2456,27590.0,0.5239647581468498,-1.30436687439936,-1.1444413103989912,2.192370826692691,2439,27420.0,1,2.192370826692691,3.496737701092051,C,0.3,0.0,1.675
18,27980.0,2495,28690.0,2566,710.0,2508,28110.0,-0.06090653769126697,2533,28360.0,0.015047757269024853,-1.1444413103989912,-0.9925327204784073,1.022628235016457,2518,28210.0,1,1.022628235016457,2.1670695454154485,C,0.3,0.0,1.675
19,28690.0,2566,29320.0,2629,630.0,2578,28810.0,0.2812691303911212,2601,29040.0,0.5675484107332004,-0.9925327204784073,-0.4199741597942491,1.5550709812606498,2588,28910.0,1,1.5550709812606498,2.547603701739057,C,0.3,0.0,1.675
20,29940.0,2691,30640.0,2761,700.0,2701,30040.0,0.058840781130525155,2748,30510.0,0.057554657189930636,-0.25656478522271375,-0.14192932955215154,0.3742463474837641,2710,30130.0,2,0.3156424957078885,0.6308111327064778,C,0.3,0.0,1.675
21,30980.0,2795,31640.0,2861,660.0,2808,31110.0,0.3821895337338481,2833,31360.0,0.33073912977514963,-0.7715245871876562,-0.8744253951050536,1.5359036546553526,2818,31210.0,1,1.5359036546553526,2.3074282418430085,C,0.3,0.0,1.675
22,31800.0,2877,32390.0,2936,590.0,2889,31920.0,0.22210955608095784,2912,32150.0,0.5513819514257873,-1.0343690203543956,-0.37582422966473683,1.4785881325163113,2899,32020.0,1,1.4785881325163113,2.512957152870707,C,0.3,0.0,1.675
0,3130.0,10,3480.0,45,350.0,19,3220.0,-0.15572778008233387,37,3400.0,-0.05630978809145287,-0.31681588339592337,-0.11797989941416137,0.005360323231255623,29,3320.0,1,0.005360323231255623,0.322176206627179,C_bis,0.3,0.5,1.675
1,3480.0,45,3780.0,75,300.0,54,3570.0,-0.005385267638877672,68,3710.0,0.015516825574555401,-0.11797989941416137,-0.07617571298729521,0.10720936413640603,61,3640.0,1,0.10720936413640603,0.2251892635505674,C_bis,0.3,0.5,1.675
2,3780.0,75,4220.0,119,440.0,82,3850.0,0.0030899509518342444,113,4160.0,0.0012871690702405889,-0.07617571298729521,-0.04804769106644343,0.08235561489096371,88,3910.0,2,0.06648882204894416,0.1585313278782589,C_bis,0.3,0.5,1.675
3,4220.0,119,4520.0,149,300.0,127,4300.0,0.05292007837115154,141,4440.0,-0.002529624217282367,-0.04804769106644343,-0.15894709624331121,0.1538878478087465,133,4360.0,1,0.1538878478087465,0.20193553887518995,C_bis,0.3,0.5,1.675
4,4520.0,149,4940.0,191,420.0,160,4630.0,-0.0545707780310611,184,4870.0,0.01412224565125018,-0.15894709624331121,-0.021561048878688652,0.04980554018118902,178,4810.0,1,0.04980554018118902,0.20875263642450023,C_bis,0.3,0.5,1.675
5,4940.0,191,5330.0,230,390.0,201,5040.0,0.03165224170216231,221,5240.0,-0.00794634715657462,-0.021561048878688652,-0.10075822659616251,0.08486553228301327,212,5150.0,1,0.08486553228301327,0.10642658116170192,C_bis,0.3,0.5,1.675
6,5330.0,230,5560.0,253,230.0,237,5400.0,-0.046750405504598726,247,5500.0,-0.006781296128847623,-0.10075822659616251,-0.020820007844660305,0.0072574155869650605,243,5460.0,1,0.0072574155869650605,0.10801564218312758,C_bis,0.3,0.5,1.675
7,5560.0,253,5850.0,282,290.0,260,5630.0,0.030418211407104306,274,5770.0,-0.012560404754336077,-0.020820007844660305,-0.10677724016754107,0.08165643065886892,266,5690.0,1,0.08165643065886892,0.10247643850352922,C_bis,0.3,0.5,1.675
8,5850.0,282,6120.0,309,270.0,289,5920.0,-0.041170984070411476,302,6050.0,-0.017242186644360905,-0.10677724016754107,-0.058919645315439924,0.024435272026718115,296,5990.0,1,0.024435272026718115,0.1312125121942592,C_bis,0.3,0.5,1.675
9,6120.0,309,6430.0,340,310.0,318,6210.0,0.043307806981991624,332,6350.0,-0.008483803175257876,-0.058919645315439924,-0.16250286562993893,0.14553525927942318,325,6280.0,1,0.14553525927942318,0.2044549045948631,C_bis,0.3,0.5,1.675
10,6430.0,340,6820.0,379,390.0,349,6520.0,-0.02235808541488027,368,6710.0,0.03421527879793922,-0.16250286562993893,-0.04935613720429994,0.11778669480017838,358,6610.0,1,0.11778669480017838,0.2802895604301173,C_bis,0.3,0.5,1.675
11,7030.0,400,7420.0,439,390.0,407,7100.0,0.010447135418442131,423,7260.0,-0.008470823860004875,-0.03497679013035101,-0.07281270868724501,0.055871060967235264,414,7170.0,1,0.055871060967235264,0.09084785109758628,C_bis,0.3,0.5,1.675
12,7420.0,439,7750.0,472,330.0,450,7530.0,0.034854210568585245,464,7670.0,0.0029934031664566596,-0.07281270868724501,-0.13653432349150216,0.1425211298244155,457,7600.0,1,0.1425211298244155,0.21533383851166052,C_bis,0.3,0.5,1.675
13,7750.0,472,8050.0,502,300.0,480,7830.0,0.013800614303813158,494,7970.0,0.0429876997023914,-0.13653432349150216,-0.07816015269434569,0.1641355520991285,487,7900.0,1,0.1641355520991285,0.30066987559063063,C_bis,0.3,0.5,1.675
14,8230.0,520,8620.0,559,390.0,529,8320.0,-0.01258041355745462,551,8540.0,-0.02454714262355566,-0.03288322893993583,-0.056816687072137904,0.007722401825026592,544,8470.0,1,0.007722401825026592,0.04060563076496242,C_bis,0.3,0.5,1.675
15,8620.0,559,8850.0,582,230.0,566,8690.0,-0.01498036661623691,577,8800.0,0.008003353813602343,-0.056816687072137904,-0.010849246212459404,0.026855953839664087,573,8760.0,1,0.026855953839664087,0.08367264091180199,C_bis,0.3,0.5,1.675
16,8850.0,582,9210.0,618,360.0,591,8940.0,0.060371719640170504,606,9090.0,0.018621893395635206,-0.010849246212459404,-0.09434889870153,0.1315926854928004,598,9010.0,1,0.1315926854928004,0.14244193170525982,C_bis,0.3,0.5,1.675
17,9210.0,618,9820.0,679,610.0,635,9380.0,-0.0017392985945572509,671,9740.0,-0.022554514663600228,-0.09434889870153,-0.08005004226962303,0.09087030151241551,645,9480.0,2,0.06290565722741905,0.1852192002139455,C_bis,0.3,0.5,1.675
18,10040.0,701,10420.0,739,380.0,712,10150.0,0.06186390188492283,729,10320.0,0.04039585094174275,-0.16334096801182502,-0.20627706989818517,0.2870687717816707,721,10240.0,1,0.2870687717816707,0.4504097397934957,C_bis,0.3,0.5,1.675
19,10420.0,739,10710.0,768,290.0,746,10490.0,-0.04538225402937651,760,10630.0,0.021911414055648143,-0.20627706989818517,-0.07168973372813586,0.11551256183943215,754,10570.0,1,0.11551256183943215,0.3217896317376173,C_bis,0.3,0.5,1.675
20,10710.0,768,11000.0,797,290.0,775,10780.0,-0.008729903828778529,788,10910.0,0.013293314154836797,-0.07168973372813586,-0.02764329776090521,0.054229926070578804,783,10860.0,1,0.054229926070578804,0.12591965979871467,C_bis,0.3,0.5,1.675
21,11200.0,817,11560.0,853,360.0,827,11300.0,0.04393228479503218,844,11470.0,0.012205578429541356,-0.04935957485736771,-0.11281298758834936,0.13722414444743206,835,11380.0,1,0.13722414444743206,0.18658371930479978,C_bis,0.3,0.5,1.675
22,11560.0,853,12060.0,903,500.0,863,11660.0,-0.05306962073634866,896,11990.0,-0.008545381553260376,-0.11281298758834936,-0.02027844211854112,0.006673746115652045,876,11790.0,3,0.004621873784755888,0.1194867337040014,C_bis,0.3,0.5,1.675
23,12060.0,903,12580.0,955,520.0,912,12150.0,0.010573441075842429,948,12510.0,-0.01698296487917523,-0.02027844211854112,-0.07501310379029094,0.04142532427022598,921,12240.0,3,0.04011571502777527,0.061703766388767095,C_bis,0.3,0.5,1.675
24,12580.0,955,12880.0,985,300.0,963,12660.0,-0.008118825712229785,976,12790.0,-0.013985905960712086,-0.07501310379029094,-0.08674726428725554,0.05877545236583137,970,12730.0,1,0.05877545236583137,0.1337885561561223,C_bis,0.3,0.5,1.675
25,12880.0,985,13220.0,1019,340.0,995,12980.0,0.004319049503358513,1010,13130.0,0.009162633574036433,-0.08674726428725554,-0.0770600961458997,0.09538536329397257,1003,13060.0,1,0.09538536329397257,0.1821326275812281,C_bis,0.3,0.5,1.675
26,13220.0,1019,13620.0,1059,400.0,1031,13340.0,0.010348422487214043,1050,13530.0,-0.013867738210594227,-0.0770600961458997,-0.12549241754151627,0.0977569411203278,1041,13440.0,1,0.0977569411203278,0.1748170372662275,C_bis,0.3,0.5,1.675
27,13620.0,1059,14010.0,1098,390.0,1068,13710.0,-0.009818423518160008,1089,13920.0,-0.028804271410736965,-0.12549241754151627,-0.16346411332667019,0.10585557050519626,1080,13830.0,1,0.10585557050519626,0.23134798804671253,C_bis,0.3,0.5,1.675
28,14010.0,1098,14320.0,1129,310.0,1106,14090.0,-0.017554649154978424,1121,14240.0,0.007428730732511796,-0.16346411332667019,-0.11349735355168974,0.12835481501671334,1114,14170.0,1,0.12835481501671334,0.2918189283433835,C_bis,0.3,0.5,1.675
29,14320.0,1129,14690.0,1166,370.0,1137,14400.0,0.03617781448798002,1153,14560.0,0.0422849667463638,-0.11349735355168974,-0.10128304903492218,0.18585298252764978,1145,14480.0,1,0.18585298252764978,0.29935033607933953,C_bis,0.3,0.5,1.675
30,14850.0,1182,15180.0,1215,330.0,1195,14980.0,0.014517125100441716,1208,15110.0,0.02201124104642984,-0.07527332900233318,-0.060285097110356935,0.10430757920321662,1202,15050.0,1,0.10430757920321662,0.17958090820554978,C_bis,0.3,0.5,1.675
31,15180.0,1215,15470.0,1244,290.0,1223,15260.0,0.05460038853919281,1236,15390.0,0.0335386249756774,-0.060285097110356935,-0.10240862423738774,0.16948587418874256,1229,15320.0,1,0.16948587418874256,0.22977097129909949,C_bis,0.3,0.5,1.675
32,15470.0,1244,15770.0,1274,300.0,1252,15550.0,-0.023532423624246193,1264,15670.0,-0.010151257945269263,-0.10240862423738774,-0.07564629287943388,0.05534377698889535,1258,15610.0,1,0.05534377698889535,0.1577524012262831,C_bis,0.3,0.5,1.675
33,15770.0,1274,16290.0,1326,520.0,1295,15980.0,0.022309088824114254,1314,16170.0,-0.015623194675949303,-0.07564629287943388,-0.151510859879561,0.12026447052766238,1304,16070.0,1,0.12026447052766238,0.19591076340709626,C_bis,0.3,0.5,1.675
34,16290.0,1326,16680.0,1365,390.0,1338,16410.0,-0.02054388414537822,1357,16600.0,0.04049747649818781,-0.151510859879561,-0.02942813859242894,0.11042309158880456,1349,16520.0,1,0.11042309158880456,0.26193395146836557,C_bis,0.3,0.5,1.675
35,16680.0,1365,16920.0,1389,240.0,1371,16740.0,0.008974576698910962,1382,16850.0,-0.03283291184783067,-0.02942813859242894,-0.1130431156859122,0.047377291990250855,1376,16790.0,1,0.047377291990250855,0.0768054305826798,C_bis,0.3,0.5,1.675
36,16920.0,1389,17230.0,1420,310.0,1397,17000.0,0.042209873781232296,1411,17140.0,0.05243273707978019,-0.1130431156859122,-0.0925973890888164,0.19746286324837678,1404,17070.0,1,0.19746286324837678,0.310505978934289,C_bis,0.3,0.5,1.675
37,17440.0,1441,17710.0,1468,270.0,1449,17520.0,0.013467843936935911,1461,17640.0,0.004849845701345529,-0.04167524398168933,-0.05891124045287008,0.06861093185556115,1455,17580.0,1,0.06861093185556115,0.11028617583725048,C_bis,0.3,0.5,1.675
38,17710.0,1468,17980.0,1495,270.0,1475,17780.0,-0.00755628534249661,1487,17900.0,-0.030058984042119763,-0.05891124045287008,-0.10391663785211638,0.04379866976787685,1481,17840.0,1,0.04379866976787685,0.10270991022074694,C_bis,0.3,0.5,1.675
39,17980.0,1495,18470.0,1544,490.0,1517,18200.0,0.021676283919466938,1534,18370.0,0.04227800012758064,-0.10391663785211638,-0.06271320543588894,0.14726920569105023,1527,18300.0,1,0.14726920569105023,0.25118584354316664,C_bis,0.3,0.5,1.675
40,18630.0,1560,18960.0,1593,330.0,1570,18730.0,0.023747961981860098,1585,18880.0,0.004089666187143473,-0.05797824045001961,-0.09729483203945284,0.1054741644137398,1578,18810.0,1,0.1054741644137398,0.16345240486375942,C_bis,0.3,0.5,1.675
41,18960.0,1593,19270.0,1624,310.0,1601,19040.0,0.052102241201651675,1615,19180.0,0.027116514327555047,-0.09729483203945284,-0.1472662857876461,0.2014993144427562,1608,19110.0,1,0.2014993144427562,0.29879414648220903,C_bis,0.3,0.5,1.675
42,19270.0,1624,19640.0,1661,370.0,1631,19340.0,-0.05938387296432601,1652,19550.0,-0.03359895275859738,-0.1472662857876461,-0.09569644537618885,0.028498539858994087,1640,19430.0,1,0.028498539858994087,0.1757648256466402,C_bis,0.3,0.5,1.675
43,19640.0,1661,19940.0,1691,300.0,1669,19720.0,-0.0148080513427091,1683,19860.0,-0.004617249722167802,-0.09569644537618885,-0.07531484213510627,0.06608034269077066,1676,19790.0,1,0.06608034269077066,0.1617767880669595,C_bis,0.3,0.5,1.675
44,20070.0,1704,20420.0,1739,350.0,1715,20180.0,0.07759825293395717,1730,20330.0,0.041539142279713615,-0.055814853392951745,-0.12793307470143883,0.2110113592608661,1722,20250.0,1,0.2110113592608661,0.26682621265381784,C_bis,0.3,0.5,1.675
45,20420.0,1739,20720.0,1769,300.0,1748,20510.0,0.012506969452031225,1761,20640.0,0.018500153319098128,-0.12793307470143883,-0.115946706967305,0.15294701360550128,1755,20580.0,1,0.15294701360550128,0.2808800883069401,C_bis,0.3,0.5,1.675
46,20720.0,1769,20980.0,1795,260.0,1776,20790.0,-0.010727013079025377,1788,20910.0,-0.004286985926852255,-0.115946706967305,-0.10306665266295875,0.09449268080925426,1782,20850.0,1,0.09449268080925426,0.21043938777655924,C_bis,0.3,0.5,1.675
47,20980.0,1795,21300.0,1827,320.0,1802,21050.0,-0.024214697596642965,1817,21200.0,-0.03289657278176225,-0.10306665266295875,-0.12043040303319731,0.054637257469672816,1809,21120.0,1,0.054637257469672816,0.15770391013263158,C_bis,0.3,0.5,1.675
48,21300.0,1827,21610.0,1858,310.0,1836,21390.0,-0.04646156690906275,1850,21530.0,-0.02705083035421825,-0.12043040303319731,-0.08160892992350831,0.0275072692150718,1844,21470.0,1,0.0275072692150718,0.14793767224826912,C_bis,0.3,0.5,1.675
49,21610.0,1858,22050.0,1902,440.0,1867,21700.0,0.02027440072774421,1893,21960.0,0.043735013431061044,-0.08160892992350831,-0.03468770451687465,0.12215773137899674,1881,21840.0,1,0.12215773137899674,0.20376666130250504,C_bis,0.3,0.5,1.675
50,22050.0,1902,22320.0,1929,270.0,1909,22120.0,0.01701495230301759,1921,22240.0,0.0015918619870103484,-0.03468770451687465,-0.06553388514888915,0.06871760912290983,1915,22180.0,1,0.06871760912290983,0.10340531363978447,C_bis,0.3,0.5,1.675
51,22320.0,1929,22570.0,1954,250.0,1935,22380.0,-0.01092684821126931,1947,22500.0,-0.025746286253589573,-0.06553388514888915,-0.09517276123352968,0.04368018872635053,1940,22430.0,1,0.04368018872635053,0.10921407387523968,C_bis,0.3,0.5,1.675
52,22570.0,1954,22840.0,1981,270.0,1961,22640.0,-0.046915304819311415,1974,22770.0,-0.020171332837970263,-0.09517276123352968,-0.04168481727084737,0.0013421515949068436,1968,22710.0,1,0.0013421515949068436,0.09651491282843652,C_bis,0.3,0.5,1.675
53,22840.0,1981,23200.0,2017,360.0,1993,22960.0,0.054992418258738365,2008,23110.0,-0.00547957903056337,-0.04168481727084737,-0.16262881184945083,0.1516696537883241,2000,23030.0,1,0.1516696537883241,0.19335447105917147,C_bis,0.3,0.5,1.675
54,23200.0,2017,23920.0,2089,720.0,2027,23300.0,-0.05303511986533019,2080,23830.0,-0.001417470608700705,-0.16262881184945083,-0.11687478046020998,0.11403983924280857,2072,23750.0,2,0.08529920568079952,0.2766686510922594,C_bis,0.3,0.5,1.675
55,23920.0,2089,24180.0,2115,260.0,2096,23990.0,-0.047333710118373964,2108,24110.0,-0.023784653694263747,-0.11687478046020998,-0.06977666761198956,0.022207360223462064,2102,24050.0,1,0.022207360223462064,0.13908214068367203,C_bis,0.3,0.5,1.675
56,24180.0,2115,24550.0,2152,370.0,2124,24270.0,0.009534756748412893,2142,24450.0,-0.00451634759707191,-0.06977666761198956,-0.09787887630295915,0.08884618110881534,2133,24360.0,1,0.08884618110881534,0.1586228487208049,C_bis,0.3,0.5,1.675
57,24550.0,2152,24880.0,2185,330.0,2161,24640.0,0.03596656057637819,2177,24800.0,-0.023690487919569292,-0.09787887630295915,-0.2171929732948541,0.16981199745571554,2169,24720.0,1,0.16981199745571554,0.2676908737586747,C_bis,0.3,0.5,1.675
58,24880.0,2185,25230.0,2220,350.0,2194,24970.0,-0.028753193836578428,2210,25130.0,0.02418275918022962,-0.2171929732948541,-0.11132106726123804,0.15968658562169727,2202,25050.0,1,0.15968658562169727,0.37687955891655134,C_bis,0.3,0.5,1.675
59,25230.0,2220,25590.0,2256,360.0,2229,25320.0,-0.012570035170807639,2245,25480.0,0.02498461674490577,-0.11132106726123804,-0.03621176342981122,0.08618099691962276,2237,25400.0,1,0.08618099691962276,0.1975020641808608,C_bis,0.3,0.5,1.675
60,25590.0,2256,26010.0,2298,420.0,2275,25780.0,0.016028401689002852,2290,25930.0,-0.009759411204316074,-0.03621176342981122,-0.08778738921644907,0.06826856680781693,2283,25860.0,1,0.06826856680781693,0.10448033023762815,C_bis,0.3,0.5,1.675
61,26010.0,2298,26250.0,2322,240.0,2305,26080.0,-0.04317226272572185,2316,26190.0,-0.02190995687124765,-0.08778738921644907,-0.04526277750750069,0.0014428637650053845,2311,26140.0,1,0.0014428637650053845,0.08923025298145446,C_bis,0.3,0.5,1.675
62,26250.0,2322,26660.0,2363,410.0,2332,26350.0,0.04922622954525673,2352,26550.0,-0.007222925889875165,-0.04526277750750069,-0.1581610883777645,0.14371523659801416,2342,26450.0,1,0.14371523659801416,0.18897801410551485,C_bis,0.3,0.5,1.675
63,26660.0,2363,27020.0,2399,360.0,2375,26780.0,-0.016311825299455518,2391,26940.0,0.02189011079578608,-0.1581610883777645,-0.08175721618728125,0.12553743777885343,2384,26870.0,1,0.12553743777885343,0.28369852615661795,C_bis,0.3,0.5,1.675
64,27020.0,2399,27320.0,2429,300.0,2407,27100.0,0.020568209036344723,2420,27230.0,0.006900865628879468,-0.08175721618728125,-0.10909190300221176,0.12289363425997069,2413,27160.0,1,0.12289363425997069,0.20465085044725195,C_bis,0.3,0.5,1.675
65,27530.0,2450,28040.0,2501,510.0,2459,27620.0,0.017468599719448072,2493,27960.0,0.023685710646184098,-0.09098110725996111,-0.035421204960645,0.12591830669885726,2468,27710.0,2,0.10435546647593522,0.21689941395881837,C_bis,0.3,0.5,1.675
66,28040.0,2501,28460.0,2543,420.0,2507,28100.0,-0.0007045802949166916,2521,28240.0,-0.051581459796556595,-0.035421204960645,-0.1371749639639248,0.034012044370811616,2512,28150.0,1,0.034012044370811616,0.06943324933145661,C_bis,0.3,0.5,1.675
67,28460.0,2543,28840.0,2581,380.0,2553,28560.0,-0.016949611714623974,2571,28740.0,-0.006542266545075018,-0.1371749639639248,-0.11636027362482688,0.10327574053467686,2562,28650.0,1,0.10327574053467686,0.24045070449860168,C_bis,0.3,0.5,1.675
68,28840.0,2581,29220.0,2619,380.0,2592,28950.0,0.048924119328361645,2610,29130.0,0.08444630616111329,-0.11636027362482688,-0.04531589995932365,0.2142085122815502,2601,29040.0,1,0.2142085122815502,0.33056878590637706,C_bis,0.3,0.5,1.675
69,29220.0,2619,29530.0,2650,310.0,2626,29290.0,0.02588898863176161,2640,29430.0,-0.047820210654737794,-0.04531589995932365,-0.19273429853232246,0.09709387722284687,2631,29340.0,1,0.09709387722284687,0.14240977718217052,C_bis,0.3,0.5,1.675
70,29530.0,2650,29850.0,2682,320.0,2659,29620.0,-0.05400447736374378,2674,29770.0,0.005176621286161226,-0.19273429853232246,-0.07437210123251245,0.08472534380483489,2667,29700.0,1,0.08472534380483489,0.27745964233715736,C_bis,0.3,0.5,1.675
71,29850.0,2682,30090.0,2706,240.0,2689,29920.0,-0.024195670709014655,2700,30030.0,0.0025526810945328757,-0.07437210123251245,-0.020875397625417385,0.025980759814483136,2695,29980.0,1,0.025980759814483136,0.10035286104699559,C_bis,0.3,0.5,1.675
72,30090.0,2706,30470.0,2744,380.0,2716,30190.0,0.03422466421838401,2735,30380.0,-0.011449598062862915,-0.020875397625417385,-0.11222392218791125,0.0893247260621854,2725,30280.0,1,0.0893247260621854,0.11020012368760279,C_bis,0.3,0.5,1.675
73,30470.0,2744,30970.0,2794,500.0,2754,30570.0,-0.01073244218409064,2784,30870.0,-0.02822567765670686,-0.11222392218791125,-0.14721039313314369,0.09075903781972997,2774,30770.0,1,0.09075903781972997,0.2029829600076412,C_bis,0.3,0.5,1.675
74,30970.0,2794,31730.0,2870,760.0,2808,31110.0,-0.03557285033747648,2861,31640.0,0.008416316641554622,-0.14721039313314369,-0.06608895998900488,0.08292159327211411,2852,31550.0,3,0.07110629237050321,0.23013198640525778,C_bis,0.3,0.5,1.675
75,31730.0,2870,32020.0,2899,290.0,2877,31800.0,-0.02835991418281355,2891,31940.0,-0.05847625953362148,-0.06608895998900488,-0.12632165069062073,0.009369131623377783,2883,31860.0,1,0.009369131623377783,0.07545809161238266,C_bis,0.3,0.5,1.675
76,32020.0,2899,32340.0,2931,320.0,2909,32120.0,-0.025195737764537346,2923,32260.0,0.02435969582075933,-0.12632165069062073,-0.02721078352002739,0.07593017516154604,2917,32200.0,1,0.07593017516154604,0.20225182585216678,C_bis,0.3,0.5,1.675
77,32340.0,2931,32600.0,2957,260.0,2937,32400.0,0.019616230985320567,2949,32520.0,0.01718450688251958,-0.02721078352002739,-0.032074231725629364,0.06644324549066852,2942,32450.0,1,0.06644324549066852,0.09365402901069592,C_bis,0.3,0.5,1.675
78,32600.0,2957,33000.0,2997,400.0,2966,32690.0,0.004022908005306268,2987,32900.0,0.014416618224319921,-0.032074231725629364,-0.010350292941876933,0.04012004773624191,2977,32800.0,2,0.03965178856337934,0.07219427946187126,C_bis,0.3,0.5,1.675
0,3790.0,76,4440.0,141,650.0,88,3910.0,0.21586133104422156,111,4140.0,0.4149105574163535,-0.5012615720268244,-0.10316311928256049,0.9329842341152677,98,4010.0,1,0.9329842341152677,1.434245806142092,D,0.5,0.0,1.675
1,5650.0,262,6300.0,327,650.0,275,5780.0,0.3124310852938539,299,6020.0,0.42006829929084427,-0.4335730062371148,-0.21829857824313398,1.0584351768248226,285,5880.0,1,1.0584351768248226,1.4920081830619374,D,0.5,0.0,1.675
2,7410.0,438,8170.0,514,760.0,451,7540.0,0.36721539288019167,480,7830.0,0.291057351993644,-0.5118337762367527,-0.6641498580098482,1.2462645619971362,462,7650.0,1,1.2462645619971362,1.7580983382338888,D,0.5,0.0,1.675
3,8320.0,529,8950.0,592,630.0,542,8450.0,0.10983592762731831,568,8710.0,0.4674241203263213,-0.7915069222564978,-0.07633053685849164,1.0111787775111343,554,8570.0,1,1.0111787775111343,1.8026856997676322,D,0.5,0.0,1.675
4,10020.0,699,10940.0,791,920.0,711,10140.0,0.5231559961732604,740,10430.0,0.4531630169651163,-0.49594752960160315,-0.6359334880178912,1.5422595219481239,721,10240.0,1,1.5422595219481239,2.038207051549727,D,0.5,0.0,1.675
5,11360.0,833,12140.0,911,780.0,845,11480.0,0.5295841798692451,877,11800.0,0.8237332805874147,-1.2439570000417977,-0.6556587986054585,2.303125359780288,857,11600.0,1,2.303125359780288,3.5470823598220855,D,0.5,0.0,1.675
6,12780.0,975,13350.0,1032,570.0,988,12910.0,0.35244292862016724,1015,13180.0,0.5998652627263837,-0.4992610571694279,-0.004416388956995039,1.2041469144097625,999,13020.0,1,1.2041469144097625,1.7034079715791903,D,0.5,0.0,1.675
7,13350.0,1032,13690.0,1066,340.0,1036,13390.0,0.018508617466169247,1050,13530.0,-0.21260544734673947,-0.004416388956995039,-0.46664451858281253,0.04143362388933353,1040,13430.0,1,0.04143362388933353,0.04585001284632857,D,0.5,0.0,1.675
8,13970.0,1094,14570.0,1154,600.0,1106,14090.0,0.1940515746158188,1132,14350.0,0.2228076134279558,-0.4677199213968356,-0.41020784377256153,0.8558230706284732,1117,14200.0,1,0.8558230706284732,1.3235429920253088,D,0.5,0.0,1.675
9,14780.0,1175,15560.0,1253,780.0,1187,14900.0,0.15748855945467322,1213,15160.0,0.3175361086822651,-0.5872648753739115,-0.2671697769187279,0.902241994283258,1197,15000.0,1,0.902241994283258,1.4895068696571694,D,0.5,0.0,1.675
10,15840.0,1281,17030.0,1400,1190.0,1299,16020.0,-0.016956324565912978,1385,16880.0,0.045685778406236985,-0.19625556179414988,-0.059063504660869875,0.16234291266232392,1321,16240.0,2,0.15638898706783388,0.3585984744564738,D,0.5,0.0,1.675
11,17750.0,1472,18490.0,1546,740.0,1484,17870.0,0.27799678473324707,1510,18130.0,0.34333058892819895,-0.39362991727136876,-0.2629623088814648,0.9496234867378628,1495,17980.0,1,0.9496234867378628,1.3432534040092317,D,0.5,0.0,1.675
12,19190.0,1616,19780.0,1675,590.0,1627,19300.0,0.3039609414554122,1653,19560.0,0.4650233476182999,-0.4699063593934799,-0.14778154706770444,1.0778282423043042,1637,19400.0,1,1.0778282423043042,1.5477346016977842,D,0.5,0.0,1.675
13,20320.0,1729,21280.0,1825,960.0,1743,20460.0,0.23657497370324915,1797,21000.0,-0.16443487627613274,-0.34185075935728276,-0.45539811943113273,0.815000706763781,1754,20570.0,2,0.47076453682132413,1.1568514661210638,D,0.5,0.0,1.675
14,21520.0,1849,22210.0,1918,690.0,1862,21650.0,0.29933961611974036,1888,21910.0,0.6099433233490019,-0.8423556476118375,-0.22114823315331394,1.441034879851318,1873,21760.0,1,1.441034879851318,2.2833905274631556,D,0.5,0.0,1.675
15,23480.0,2045,24370.0,2134,890.0,2057,23600.0,0.483826996618653,2084,23870.0,0.5406858347656457,-0.663588771462535,-0.5498710951685498,1.631242764699841,2068,23710.0,1,1.631242764699841,2.294831536162376,D,0.5,0.0,1.675
16,24820.0,2179,25540.0,2251,720.0,2192,24950.0,0.3343163656016477,2221,25240.0,0.5301124710211683,-0.6322072352423562,-0.24061502440331495,1.3008399664456516,2204,25070.0,1,1.3008399664456516,1.9330472016880078,D,0.5,0.0,1.675
17,26250.0,2322,26960.0,2393,710.0,2334,26370.0,0.30458817325842047,2359,26620.0,0.3578177409310674,-0.5334881996697393,-0.4270290643244456,1.1426645461865803,2345,26480.0,1,1.1426645461865803,1.6761527458563195,D,0.5,0.0,1.675
18,27180.0,2415,27970.0,2494,790.0,2427,27300.0,0.1322730555619448,2458,27610.0,0.11375841889628402,-0.5214402099595064,-0.5584694832908278,0.785986321083396,2438,27410.0,1,0.785986321083396,1.3074265310429023,D,0.5,0.0,1.675
19,27970.0,2494,28680.0,2565,710.0,2506,28090.0,-0.021979411403635574,2539,28420.0,0.006328089423150995,-0.5584694832908278,-0.5018544816372547,0.5145106604835566,2516,28190.0,1,0.5145106604835566,1.0729801437743844,D,0.5,0.0,1.675
20,28680.0,2565,29300.0,2627,620.0,2578,28810.0,0.07432231105742015,2600,29030.0,0.2514266893783522,-0.5018544816372547,-0.14764572499539044,0.6504991037520949,2588,28910.0,1,0.6504991037520949,1.1523535853893496,D,0.5,0.0,1.675
21,29870.0,2684,30590.0,2756,720.0,2701,30040.0,0.019524209969991255,2743,30460.0,0.04636560988721843,-0.12137434782486163,-0.05624974767879264,0.16042276776484413,2712,30150.0,2,0.15470186760903681,0.28179711558970577,D,0.5,0.0,1.675
22,30930.0,2790,31780.0,2875,850.0,2808,31110.0,0.16292784412168176,2834,31370.0,0.08360119776350111,-0.26802920923000706,-0.4266825019463683,0.5938848974733706,2818,31210.0,1,0.5938848974733706,0.8619141067033776,D,0.5,0.0,1.675
23,31780.0,2875,32390.0,2936,610.0,2888,31910.0,0.06356072755701153,2915,32180.0,0.18471771634660109,-0.4266825019463683,-0.18436852436718912,0.5538039570603913,2899,32020.0,1,0.5538039570603913,0.9804864590067597,D,0.5,0.0,1.675
0,3470.0,44,4200.0,117,730.0,53,3560.0,0.0064838850660773745,111,4140.0,0.009603772519040368,-0.04021311495906478,-0.013150844111695486,0.053180885091219536,61,3640.0,3,0.04069471356300169,0.09339400005028431,D_bis,0.5,0.5,1.675
1,4200.0,117,4550.0,152,350.0,126,4290.0,0.0370928168795108,142,4450.0,0.0022178713502891967,-0.013150844111695486,-0.08290073517013871,0.08733647787071709,133,4360.0,1,0.08733647787071709,0.10048732198241257,D_bis,0.5,0.5,1.675
2,4550.0,152,4980.0,195,430.0,164,4670.0,-0.01355088048588858,186,4890.0,-0.013088458706934966,-0.08290073517013871,-0.0819758916122315,0.05579897419836155,177,4800.0,1,0.05579897419836155,0.13869970936850026,D_bis,0.5,0.5,1.675
3,4980.0,195,5330.0,230,350.0,204,5070.0,0.008893321398687523,221,5240.0,-0.00733346148085752,-0.0819758916122315,-0.11442945737132161,0.09976253440960656,212,5150.0,1,0.09976253440960656,0.18173842602183804,D_bis,0.5,0.5,1.675
4,5530.0,250,6070.0,304,540.0,260,5630.0,-0.0017063929837147773,298,6010.0,0.025355103212532863,-0.06892740534599034,-0.0028828753559947008,0.0655146193785608,268,5710.0,2,0.059553850579810615,0.13444202472455113,D_bis,0.5,0.5,1.675
5,6070.0,304,6520.0,349,450.0,312,6150.0,0.04503461675164413,330,6330.0,0.014102269469462733,-0.0028828753559947008,-0.0647475699203575,0.09295210885928296,319,6220.0,1,0.09295210885928296,0.09583498421527765,D_bis,0.5,0.5,1.675
6,6520.0,349,6850.0,382,330.0,360,6630.0,-0.009669220803740185,374,6770.0,-0.02256454300302345,-0.0647475699203575,-0.09053821431892403,0.045409128312877134,367,6700.0,1,0.045409128312877134,0.11015669823323464,D_bis,0.5,0.5,1.675
7,6850.0,382,7120.0,409,270.0,390,6930.0,-0.03354926601198536,402,7050.0,0.002814060248079696,-0.09053821431892403,-0.017811561798793923,0.02343968229495331,397,7000.0,1,0.02343968229495331,0.11397789661387735,D_bis,0.5,0.5,1.675
8,7120.0,409,7410.0,438,290.0,415,7180.0,-0.004161780015464123,429,7320.0,-0.04376121925989426,-0.017811561798793923,-0.09701044028765421,0.009488001767865678,421,7240.0,1,0.009488001767865678,0.0272995635666596,D_bis,0.5,0.5,1.675
9,7410.0,438,8230.0,520,820.0,449,7520.0,0.05108629768251069,482,7850.0,0.0028154585781731134,-0.09701044028765421,-0.19355211849632936,0.1991830356526756,460,7630.0,1,0.1991830356526756,0.2961934759403298,D_bis,0.5,0.5,1.675
10,8230.0,520,8950.0,592,720.0,536,8390.0,0.005791639082192684,580,8830.0,0.04571984812498012,-0.19355211849632936,-0.005444727279101288,0.20513539666071473,547,8500.0,2,0.15100991009488812,0.3986875151570441,D_bis,0.5,0.5,1.675
11,9300.0,627,9850.0,682,550.0,639,9420.0,-0.012010399169931657,657,9600.0,0.023041267433984138,-0.10375146795476586,-0.033648134746934254,0.07973066961490254,649,9520.0,1,0.07973066961490254,0.1834821375696684,D_bis,0.5,0.5,1.675
12,10020.0,699,10420.0,739,400.0,710,10130.0,0.055844786325449175,728,10310.0,0.0768736950280082,-0.12113060063758715,-0.07907278323246911,0.23282017328848548,719,10220.0,1,0.23282017328848548,0.35395077392607266,D_bis,0.5,0.5,1.675
13,10420.0,739,10740.0,771,320.0,747,10500.0,0.003179535473908396,762,10650.0,-0.018818071945081033,-0.07907278323246911,-0.12306799807044796,0.0854318541802859,754,10570.0,1,0.0854318541802859,0.164504637412755,D_bis,0.5,0.5,1.675
14,10740.0,771,11120.0,809,380.0,780,10830.0,-0.05568271829576066,800,11030.0,-0.02806075142490825,-0.12306799807044796,-0.06782406432874313,0.011702561478926635,790,10930.0,1,0.011702561478926635,0.1347705595493746,D_bis,0.5,0.5,1.675
15,11120.0,809,11560.0,853,440.0,820,11230.0,0.020236062947567246,843,11460.0,0.017367407591931283,-0.06782406432874313,-0.07356137504001506,0.10829619022387761,831,11340.0,1,0.10829619022387761,0.17612025455262076,D_bis,0.5,0.5,1.675
16,11560.0,853,12020.0,899,460.0,863,11660.0,-0.016540285215383033,888,11910.0,-0.009575403126258285,-0.07356137504001506,-0.05945228473227981,0.04048080460924899,873,11760.0,2,0.04039114154450611,0.11404217964926405,D_bis,0.5,0.5,1.675
17,12020.0,899,12360.0,933,340.0,909,12120.0,0.003634100775800335,924,12270.0,0.029401601497302754,-0.05945228473227981,-0.007917283289274971,0.06672048628388047,917,12200.0,1,0.06672048628388047,0.12617277101616028,D_bis,0.5,0.5,1.675
18,12360.0,933,12610.0,958,250.0,937,12400.0,0.00015150961015448355,949,12520.0,-0.05749073362960949,-0.007917283289274971,-0.12320176976880293,0.008220302509583938,941,12440.0,1,0.008220302509583938,0.01613758579885891,D_bis,0.5,0.5,1.675
19,12830.0,980,13370.0,1034,540.0,992,12950.0,0.06630815276506867,1012,13150.0,0.10010603810282076,-0.0924820009466422,-0.02488623027113801,0.22509830647677953,1002,13050.0,1,0.22509830647677953,0.31758030742342175,D_bis,0.5,0.5,1.675
20,13680.0,1065,14010.0,1098,330.0,1075,13780.0,-0.0418989682277685,1090,13930.0,-0.020158552296342412,-0.0988676746432134,-0.055386842780361226,0.015069738187676396,1083,13860.0,1,0.015069738187676396,0.1139374128308898,D_bis,0.5,0.5,1.675
21,14010.0,1098,14780.0,1175,770.0,1108,14110.0,0.012779004667351171,1165,14680.0,-0.061430890970710764,-0.055386842780361226,-0.16560472006879637,0.08094485211506355,1117,14200.0,2,0.0618438951212192,0.1363316948954248,D_bis,0.5,0.5,1.675
22,14780.0,1175,15190.0,1216,410.0,1187,14900.0,-0.01828518360128914,1207,15100.0,0.04460845632584177,-0.16560472006879637,-0.039817440214534545,0.1290343528662181,1198,15010.0,1,0.1290343528662181,0.29463907293501446,D_bis,0.5,0.5,1.675
23,15190.0,1216,15500.0,1247,310.0,1224,15270.0,0.0346397547632416,1239,15420.0,0.020065727212578557,-0.039817440214534545,-0.06896549531586063,0.10909694974101775,1231,15340.0,1,0.10909694974101775,0.14891438995555228,D_bis,0.5,0.5,1.675
24,15500.0,1247,15770.0,1274,270.0,1254,15570.0,-0.02207453916260138,1266,15690.0,-0.030138283176276114,-0.06896549531586063,-0.0850929833432101,0.02481641699065787,1260,15630.0,1,0.02481641699065787,0.0937819123065185,D_bis,0.5,0.5,1.675
25,15770.0,1274,16240.0,1321,470.0,1282,15850.0,-0.0272562765974727,1311,16140.0,-0.027566875208425837,-0.0850929833432101,-0.08571418056511637,0.030580430148264694,1291,15940.0,1,0.030580430148264694,0.1156734134914748,D_bis,0.5,0.5,1.675
26,16240.0,1321,16640.0,1361,400.0,1334,16370.0,-0.003166020964945504,1352,16550.0,0.021287895616232892,-0.08571418056511637,-0.036806347402759565,0.07938213863522535,1344,16470.0,1,0.07938213863522535,0.16509631920034173,D_bis,0.5,0.5,1.675
27,16640.0,1361,16940.0,1391,300.0,1369,16720.0,0.036190119832737455,1382,16850.0,0.008243643322877095,-0.036806347402759565,-0.09269930042248027,0.10918658706823448,1375,16780.0,1,0.10918658706823448,0.14599293447099404,D_bis,0.5,0.5,1.675
28,16940.0,1391,17340.0,1431,400.0,1398,17010.0,-0.00836733492926621,1413,17160.0,0.015657038021512658,-0.09269930042248027,-0.04465055452092254,0.07596463056394787,1405,17080.0,1,0.07596463056394787,0.16866393098642812,D_bis,0.5,0.5,1.675
29,17670.0,1464,18160.0,1513,490.0,1490,17930.0,0.025669841443814713,1506,18090.0,0.001578318813782023,-0.02174295320814157,-0.06992599846820695,0.073082636095771,1499,18020.0,1,0.073082636095771,0.09482558930391256,D_bis,0.5,0.5,1.675
30,18160.0,1513,18460.0,1543,300.0,1521,18240.0,0.04200573161480366,1534,18370.0,0.02810189278582896,-0.06992599846820695,-0.09773367612615634,0.15393746169781425,1527,18300.0,1,0.15393746169781425,0.2238634601660212,D_bis,0.5,0.5,1.675
31,18460.0,1543,18710.0,1568,250.0,1550,18530.0,-0.03968624369964952,1562,18650.0,0.0073247854795063854,-0.09773367612615634,-0.0037116177678445305,0.0183611887268573,1557,18600.0,1,0.0183611887268573,0.11609486485301364,D_bis,0.5,0.5,1.675
32,18930.0,1590,19220.0,1619,290.0,1599,19020.0,-0.03167219638918073,1612,19150.0,-0.025711397812886894,-0.12528451894537812,-0.11336292179279044,0.06194012616701665,1606,19090.0,1,0.06194012616701665,0.18722464511239478,D_bis,0.5,0.5,1.675
33,19220.0,1619,19890.0,1686,670.0,1627,19300.0,0.0359459799645946,1674,19770.0,-0.013192486673978432,-0.11336292179279044,-0.0851094083486778,0.18525488172197965,1635,19380.0,2,0.12198965836135028,0.2986178035147701,D_bis,0.5,0.5,1.675
34,20090.0,1706,20380.0,1735,290.0,1714,20170.0,-0.03342347980098677,1728,20310.0,-0.032064756278440146,-0.1076854433740506,-0.10496799632895736,0.04083848377207706,1721,20240.0,1,0.04083848377207706,0.14852392714612767,D_bis,0.5,0.5,1.675
35,20380.0,1735,20740.0,1771,360.0,1745,20480.0,0.03645251614110563,1762,20650.0,0.08600445684653754,-0.10496799632895736,-0.00586411491809357,0.17787302861116863,1755,20580.0,1,0.17787302861116863,0.282841024940126,D_bis,0.5,0.5,1.675
36,20740.0,1771,20980.0,1795,240.0,1776,20790.0,0.028764631864927108,1788,20910.0,-0.014097188737382499,-0.00586411491809357,-0.09158775612271279,0.06339337864794779,1781,20840.0,1,0.06339337864794779,0.06925749356604136,D_bis,0.5,0.5,1.675
37,20980.0,1795,21300.0,1827,320.0,1803,21060.0,-0.011530350760068017,1817,21200.0,-0.005152819796402169,-0.09158775612271279,-0.07883269419538108,0.06852705460257674,1810,21130.0,1,0.06852705460257674,0.16011481072528955,D_bis,0.5,0.5,1.675
38,21300.0,1827,21620.0,1859,320.0,1835,21380.0,-0.032441256157018594,1851,21540.0,-0.04422511625619368,-0.07883269419538108,-0.10240041439373125,0.013950181881343887,1843,21460.0,1,0.013950181881343887,0.09278287607672497,D_bis,0.5,0.5,1.675
39,21620.0,1859,22320.0,1929,700.0,1869,21720.0,-0.014678329869061438,1922,22250.0,-0.001935557222874744,-0.10240041439373125,-0.0435142236345042,0.07304375465560839,1879,21820.0,3,0.04523412814752787,0.17544416904933963,D_bis,0.5,0.5,1.675
40,22320.0,1929,22560.0,1953,240.0,1936,22390.0,-0.0064878434054298564,1947,22500.0,-0.002485747490835369,-0.0435142236345042,-0.03551003180531523,0.03053853682364449,1941,22440.0,1,0.03053853682364449,0.07405276045814868,D_bis,0.5,0.5,1.675
41,22560.0,1953,22830.0,1980,270.0,1960,22630.0,-0.0034151137267251983,1972,22750.0,-0.02661196731277969,-0.03551003180531523,-0.08190373897742421,0.02867980435186483,1965,22680.0,1,0.02867980435186483,0.06418983615718006,D_bis,0.5,0.5,1.675
42,22830.0,1980,23180.0,2015,350.0,1990,22930.0,0.008942994214375707,2006,23090.0,-0.00887628063481491,-0.08190373897742421,-0.11754228867580543,0.09978972740617563,1997,23000.0,1,0.09978972740617563,0.18169346638359984,D_bis,0.5,0.5,1.675
43,23180.0,2015,23440.0,2041,260.0,2023,23260.0,-0.04630541566460544,2035,23380.0,-0.004983289145956537,-0.11754228867580543,-0.034898035638507616,0.024931457346594542,2030,23330.0,1,0.024931457346594542,0.14247374602239998,D_bis,0.5,0.5,1.675
44,23440.0,2041,23890.0,2086,450.0,2050,23530.0,0.020119464652838218,2078,23810.0,0.02530286478433264,-0.034898035638507616,-0.024531235375518778,0.07513696494418405,2069,23720.0,1,0.07513696494418405,0.11003500058269167,D_bis,0.5,0.5,1.675
45,23890.0,2086,24180.0,2115,290.0,2093,23960.0,0.016931172055667482,2106,24090.0,0.003632493397879466,-0.024531235375518778,-0.05112859269109481,0.058393579486853746,2100,24030.0,1,0.058393579486853746,0.08292481486237252,D_bis,0.5,0.5,1.675
46,24180.0,2115,24580.0,2155,400.0,2122,24250.0,-0.013901876191075073,2139,24420.0,-0.04539627562645372,-0.05112859269109481,-0.1141173915618521,0.02332484030894466,2129,24320.0,1,0.02332484030894466,0.07445343300003947,D_bis,0.5,0.5,1.675
47,24860.0,2183,25510.0,2248,650.0,2193,24960.0,0.05695942247640276,2215,25180.0,0.1065332986455673,-0.1804978271932003,-0.08135007485487118,0.2944166721460058,2203,25060.0,1,0.2944166721460058,0.4749144993392061,D_bis,0.5,0.5,1.675
48,26000.0,2297,26230.0,2320,230.0,2303,26060.0,-0.008259026358975425,2314,26170.0,-0.0023239510714818945,-0.02974338361905467,-0.01787323304406761,0.013225330901103822,2310,26130.0,1,0.013225330901103822,0.04296871452015849,D_bis,0.5,0.5,1.675
49,26230.0,2320,26660.0,2363,430.0,2329,26320.0,0.023169781161355475,2353,26560.0,-0.0006518032729044693,-0.01787323304406761,-0.0655164019125875,0.06421279536677856,2341,26440.0,1,0.06421279536677856,0.08208602841084617,D_bis,0.5,0.5,1.675
50,26660.0,2363,27080.0,2405,420.0,2371,26740.0,-0.02599905546196339,2394,26970.0,-0.04288888243487619,-0.0655164019125875,-0.09929605585841308,0.013518290988660711,2381,26840.0,1,0.013518290988660711,0.0790346929012482,D_bis,0.5,0.5,1.675
51,27080.0,2405,27990.0,2496,910.0,2425,27280.0,0.010839677332060038,2478,27810.0,0.009523546127512869,-0.09929605585841308,-0.07809464873008824,0.12097541052253315,2438,27410.0,2,0.10905857575382355,0.22027146638094625,D_bis,0.5,0.5,1.675
52,27990.0,2496,28290.0,2526,300.0,2504,28070.0,-0.01614517825171289,2518,28210.0,-0.030485341056885926,-0.07809464873008824,-0.1067749743404343,0.04580429222666246,2510,28130.0,1,0.04580429222666246,0.1238989409567507,D_bis,0.5,0.5,1.675
53,28680.0,2565,29230.0,2620,550.0,2578,28810.0,0.04611590998573016,2609,29120.0,0.0681773748063124,-0.05148991180563488,-0.007366982164470409,0.1437217317770952,2599,29020.0,1,0.1437217317770952,0.19521164358273008,D_bis,0.5,0.5,1.675
54,29230.0,2620,29510.0,2648,280.0,2625,29280.0,0.007195268506231334,2638,29410.0,-0.048310548651867916,-0.007366982164470409,-0.1183786164806689,0.02175751917693308,2629,29320.0,1,0.02175751917693308,0.029124501341403486,D_bis,0.5,0.5,1.675
55,29510.0,2648,29820.0,2679,310.0,2658,29610.0,-0.045479867852372485,2672,29750.0,0.005282815984626807,-0.1183786164806689,-0.016853248806670315,0.027418880775923932,2667,29700.0,1,0.027418880775923932,0.14579749725659283,D_bis,0.5,0.5,1.675
56,29820.0,2679,30070.0,2704,250.0,2685,29880.0,0.0056087359920474235,2696,29990.0,-0.01870784111940793,-0.016853248806670315,-0.06548640302958102,0.028070720790765162,2689,29920.0,1,0.028070720790765162,0.04492396959743548,D_bis,0.5,0.5,1.675
57,30070.0,2704,30490.0,2746,420.0,2712,30150.0,-0.0011688511956636644,2734,30370.0,0.019156873052604387,-0.06548640302958102,-0.024834954533044924,0.0631487006382537,2720,30230.0,1,0.0631487006382537,0.1286351036678347,D_bis,0.5,0.5,1.675
58,30490.0,2746,30960.0,2793,470.0,2754,30570.0,0.002754333874255662,2781,30840.0,-0.039638838452570394,-0.024834954533044924,-0.10962129918669704,0.03034362228155625,2761,30640.0,1,0.03034362228155625,0.05517857681460117,D_bis,0.5,0.5,1.675
59,30960.0,2793,31720.0,2869,760.0,2806,31090.0,-0.011202094935329185,2856,31590.0,-0.040219138269095595,-0.10962129918669704,-0.16765538585422982,0.08721710931603865,2827,31300.0,1,0.08721710931603865,0.1968384085027357,D_bis,0.5,0.5,1.675
60,31720.0,2869,32340.0,2931,620.0,2879,31820.0,-0.05097017963696242,2921,32240.0,0.020797458930428628,-0.16765538585422982,-0.010600189159093611,0.06571502658030498,2890,31930.0,2,0.05895506680012792,0.2333704124345348,D_bis,0.5,0.5,1.675
61,32340.0,2931,32540.0,2951,200.0,2935,32380.0,-0.004614038722472201,2945,32480.0,-0.026944942514287744,-0.010600189159093611,-0.055261996742724695,0.00137211171414921,2938,32410.0,1,0.00137211171414921,0.01197230087324282,D_bis,0.5,0.5,1.675
62,32540.0,2951,32940.0,2991,400.0,2961,32640.0,-0.0022687949527342224,2982,32850.0,-0.014117720864314537,-0.055261996742724695,-0.07895984856588532,0.05072440683725625,2972,32750.0,1,0.05072440683725625,0.10598640357998095,D_bis,0.5,0.5,1.675
0,3780.0,75,4550.0,152,770.0,87,3900.0,0.08029824857975337,111,4140.0,0.15236795083934174,-0.2074002898563605,-0.06326088533718373,0.36799678701586724,98,4010.0,1,0.36799678701586724,0.5753970768722277,full,1.0,0.0,1.675
1,4980.0,195,5330.0,230,350.0,205,5080.0,-0.023171557123765597,220,5230.0,-0.03995855203703246,-0.05838089789030636,-0.09195488771684009,0.012037783642775163,212,5150.0,1,0.012037783642775163,0.07041868153308152,full,1.0,0.0,1.675
2,5630.0,260,6580.0,355,950.0,274,5770.0,0.12375734511710279,300,6030.0,0.15397984872161963,-0.17040113156929793,-0.10995612436026414,0.41791582180350345,285,5880.0,1,0.41791582180350345,0.5883169533728014,full,1.0,0.0,1.675
3,7410.0,438,8120.0,509,710.0,451,7540.0,0.17602031236604138,480,7830.0,0.12653704201439575,-0.2151173306133088,-0.3140838713166001,0.5671579553453916,461,7640.0,1,0.5671579553453916,0.7822752859587003,full,1.0,0.0,1.675
4,8320.0,529,8940.0,591,620.0,541,8440.0,0.02843733669610854,572,8750.0,0.2063152612110097,-0.4177001501386549,-0.06194430110885261,0.474574823530872,552,8550.0,1,0.474574823530872,0.8922749736695269,full,1.0,0.0,1.675
5,10020.0,699,10840.0,781,820.0,710,10130.0,0.209943937590417,737,10400.0,0.20628226526916277,-0.2201359930140168,-0.22745933765652532,0.6400238681948508,721,10240.0,1,0.6400238681948508,0.8601598612088676,full,1.0,0.0,1.675
6,11360.0,833,12100.0,907,740.0,845,11480.0,0.1821969899596011,878,11810.0,0.27547284572521713,-0.39051172220702957,-0.20396001067579742,0.7549057021262318,856,11590.0,1,0.7549057021262318,1.1454174243332613,full,1.0,0.0,1.675
7,12780.0,975,13700.0,1067,920.0,988,12910.0,0.15436887552534492,1020,13230.0,0.15511416300605388,-0.23293436405488602,-0.2314437890934681,0.5416721151055759,999,13020.0,1,0.5416721151055759,0.7746064791604619,full,1.0,0.0,1.675
8,13970.0,1094,14560.0,1153,590.0,1106,14090.0,0.06528067459545761,1133,14360.0,0.09819347007107979,-0.22442262399177215,-0.15859703304052783,0.3549839731826874,1116,14190.0,1,0.3549839731826874,0.5794065971744595,full,1.0,0.0,1.675
9,14780.0,1175,15530.0,1250,750.0,1187,14900.0,0.05281404081537672,1211,15140.0,0.12813844962885876,-0.2741091266449462,-0.12346030901798213,0.3797372082756996,1198,15010.0,1,0.3797372082756996,0.6538463349206458,full,1.0,0.0,1.675
10,15790.0,1276,16970.0,1394,1180.0,1297,16000.0,-0.021748683090777404,1384,16870.0,0.02836116401832127,-0.09809517108923421,-0.04033396972543059,0.09705629776207313,1375,16780.0,3,0.07734053887983316,0.19515146885130735,full,1.0,0.0,1.675
11,17740.0,1471,18480.0,1545,740.0,1484,17870.0,0.1086284783493095,1535,18380.0,-0.014106201950678354,-0.1590205586569352,-0.12847594957881275,0.3762775153555542,1495,17980.0,2,0.23827053051650512,0.5352980740124894,full,1.0,0.0,1.675
12,19180.0,1615,20050.0,1702,870.0,1626,19290.0,0.13228540694091875,1658,19610.0,0.13835745985876893,-0.23972726247478424,-0.22758315663908382,0.5042980763566217,1636,19390.0,1,0.5042980763566217,0.744025338831406,full,1.0,0.0,1.675
13,20330.0,1730,21100.0,1807,770.0,1743,20460.0,0.09761031317864435,1793,20960.0,-0.012168770318006478,-0.17428883950772764,-0.12041965108847616,0.3695094658650163,1753,20560.0,2,0.23279578815873975,0.543798305372744,full,1.0,0.0,1.675
14,21530.0,1850,22250.0,1922,720.0,1862,21650.0,0.10171206456079018,1886,21890.0,0.19800341065058158,-0.28157370997939124,-0.08899101779980846,0.4849978391009716,1873,21760.0,1,0.4849978391009716,0.7665715490803628,full,1.0,0.0,1.675
15,22740.0,1971,23210.0,2018,470.0,1988,22910.0,-0.033330990126322554,2008,23110.0,-0.05755567932503586,-0.08265472417148956,-0.13110410256891616,0.015992743918844452,1998,23010.0,1,0.015992743918844452,0.098647468090334,full,1.0,0.0,1.675
16,23470.0,2044,24170.0,2114,700.0,2056,23590.0,0.1738332439511325,2082,23850.0,0.21470386953729576,-0.2025804673358644,-0.12083921616353795,0.5502469552381294,2067,23700.0,1,0.5502469552381294,0.7528274225739938,full,1.0,0.0,1.675
17,24840.0,2181,25530.0,2250,690.0,2192,24950.0,0.14856711778205117,2220,25230.0,0.257627722123671,-0.3351468363996207,-0.11702562771638093,0.632281071963723,2203,25060.0,1,0.632281071963723,0.9674279083633437,full,1.0,0.0,1.675
18,26240.0,2321,26990.0,2396,750.0,2333,26360.0,0.11785990608379457,2358,26610.0,0.11943397018560029,-0.17177198563560217,-0.16862385743199074,0.40749179780319134,2344,26470.0,1,0.40749179780319134,0.5792637834387935,full,1.0,0.0,1.675
19,27180.0,2415,27980.0,2495,800.0,2427,27300.0,0.07274259464248511,2459,27620.0,0.07168433408802921,-0.272281132631626,-0.2743976537405379,0.4177663219165963,2438,27410.0,1,0.4177663219165963,0.6900474545482222,full,1.0,0.0,1.675
20,27980.0,2495,28690.0,2566,710.0,2505,28080.0,-0.039787442334554834,2534,28370.0,-0.0018750798710590044,-0.2743976537405379,-0.19857292881354618,0.19482276907142818,2515,28180.0,1,0.19482276907142818,0.4692204228119661,full,1.0,0.0,1.675
21,28690.0,2566,29420.0,2639,730.0,2578,28810.0,0.06775230580754774,2600,29030.0,0.14019760976552229,-0.19857292881354618,-0.053682320897597086,0.33407754042864163,2588,28910.0,1,0.33407754042864163,0.5326504692421878,full,1.0,0.0,1.675
22,29970.0,2694,30590.0,2756,620.0,2706,30090.0,0.02781793116712726,2744,30470.0,0.020189726586277816,-0.02660736776542319,-0.02872309786832545,0.08224323009967771,2716,30190.0,3,0.07094862153900335,0.1088505978651009,full,1.0,0.0,1.675
23,30970.0,2794,31780.0,2875,810.0,2809,31120.0,0.06194738452032825,2840,31430.0,-0.007920375107286937,-0.12673623527137842,-0.26647175452660876,0.25063100431203494,2820,31230.0,1,0.25063100431203494,0.37736723958341334,full,1.0,0.0,1.675
24,31780.0,2875,32400.0,2937,620.0,2887,31900.0,-0.0022134922243430277,2915,32180.0,0.10140023153319172,-0.26647175452660876,-0.05924430701153926,0.2620447700779227,2897,32000.0,1,0.2620447700779227,0.5285165246045315,full,1.0,0.0,1.675
