,startTime,startSample,endTime,endSample,duration,halfSlopetoFirstPeakSample,halfSlopetoFirstPeakTime,halfSlopetoFirstPeak_Amp,halfSlopefromLastPeakSample,halfSlopefromLastPeakTime,halfSlopefromLastPeak_Amp,start_Amp,end_Amp,maxPeak_Amp,maxPeakSample,maxPeakTime,n_peaks,meanAmp,AmpUp_maxPeak,subnet,subnet_size,subnet_anchor,g_peak_GABA_B1a_Vp_PC_Vp_BC
0,2340.0,32,2880.0,86,540.0,45,2470.0,0.38035550974374543,70,2720.0,0.8834930437110631,-1.8309027458991032,-0.8246276779644683,2.5916137653865943,57,2590.0,1,2.5916137653865943,4.422516511285697,A,0.1,0.0,0.13
1,3120.0,110,3940.0,192,820.0,134,3360.0,0.40427744992972503,173,3750.0,0.47416158890494065,-1.5920092173594171,-1.4522409394089857,2.400564117218867,149,3510.0,1,2.400564117218867,3.9925733345782843,A,0.1,0.0,0.13
2,4290.0,227,5140.0,312,850.0,239,4410.0,0.1610708120395472,303,5050.0,-0.5021722855673252,-2.0773633721516194,-1.4994997603513889,2.399504996230714,251,4530.0,2,1.447330092723726,4.476868368382333,A,0.1,0.0,0.13
3,5140.0,312,5630.0,361,490.0,321,5230.0,-0.30512304229084597,340,5420.0,0.17277498806357827,-1.4994997603513889,-0.5437036996425404,0.8892536757696968,331,5330.0,1,0.8892536757696968,2.388753436121086,A,0.1,0.0,0.13
4,5920.0,390,6590.0,457,670.0,406,6080.0,0.41610935129396975,441,6430.0,0.6983514802582171,-1.63293776974871,-1.0684535118202148,2.4651564723366493,422,6240.0,1,2.4651564723366493,4.098094242085359,A,0.1,0.0,0.13
5,6780.0,476,7130.0,511,350.0,487,6890.0,-0.2400206898765831,503,7050.0,0.3707736062510175,-1.2855075174822175,-0.06391892522701606,0.8054661377290512,497,6990.0,1,0.8054661377290512,2.0909736552112688,A,0.1,0.0,0.13
6,7130.0,511,7370.0,535,240.0,517,7190.0,0.07485306481155585,528,7300.0,-0.19093417791411427,-0.06391892522701606,-0.5954934106783563,0.21362505485012775,521,7230.0,1,0.21362505485012775,0.2775439800771438,A,0.1,0.0,0.13
7,7370.0,535,7700.0,568,330.0,543,7450.0,-0.032660342392289876,558,7600.0,-0.13888604714601394,-0.5954934106783563,-0.8079448201858043,0.5301727258937765,549,7510.0,1,0.5301727258937765,1.1256661365721328,A,0.1,0.0,0.13
8,7980.0,596,8710.0,669,730.0,613,8150.0,0.6865172251057037,644,8460.0,-0.05072196423165898,-0.17760958428295348,-1.652087962957679,1.5506440344943608,628,8300.0,1,1.5506440344943608,1.7282536187773143,A,0.1,0.0,0.13
9,8710.0,669,9110.0,709,400.0,678,8800.0,-0.46407856028008276,697,8990.0,-0.35833062202488675,-1.652087962957679,-1.4405920864472872,0.7239308423975135,687,8890.0,1,0.7239308423975135,2.3760188053551925,A,0.1,0.0,0.13
10,9110.0,709,9890.0,787,780.0,730,9320.0,0.6664270424966992,758,9600.0,0.411363911029234,-1.4405920864472872,-1.950718349382217,2.773446171440685,742,9440.0,1,2.773446171440685,4.214038257887973,A,0.1,0.0,0.13
11,10060.0,804,10720.0,870,660.0,816,10180.0,0.22294543275432943,855,10570.0,0.9429565727198883,-2.2418410102983453,-0.8018187303672273,2.687731875807004,827,10290.0,1,2.687731875807004,4.929572886105349,A,0.1,0.0,0.13
12,11300.0,928,11880.0,986,580.0,941,11430.0,0.38100944358861466,972,11740.0,0.5989233100039975,-1.618444414142907,-1.1826166813121417,2.3804633013201366,956,11580.0,1,2.3804633013201366,3.9989077154630435,A,0.1,0.0,0.13
13,11880.0,986,13070.0,1105,1190.0,1024,12260.0,0.10212061232390846,1089,12910.0,-0.265530993099252,-1.1826166813121417,-1.3583092337992844,1.3868579059599586,1035,12370.0,2,1.1070525767803696,2.5694745872721003,A,0.1,0.0,0.13
14,13300.0,1128,14130.0,1211,830.0,1141,13430.0,0.29491352849736074,1181,13830.0,0.09713847068577763,-2.081114202553315,-2.4766643181764803,2.670941259548036,1153,13550.0,1,2.670941259548036,4.752055462101351,A,0.1,0.0,0.13
15,14130.0,1211,14960.0,1294,830.0,1224,14260.0,0.019930119142922642,1260,14620.0,0.41313432332156386,-2.4766643181764803,-1.690255909819198,2.516524556462326,1238,14400.0,1,2.516524556462326,4.993188874638806,A,0.1,0.0,0.13
16,15200.0,1318,15840.0,1382,640.0,1329,15310.0,0.379035066305744,1363,15650.0,1.1523817839726855,-2.5321360835376296,-0.9854426482037472,3.2902062161491177,1340,15420.0,1,3.2902062161491177,5.822342299686747,A,0.1,0.0,0.13
17,16110.0,1409,16740.0,1472,630.0,1418,16200.0,-0.07080947059280629,1456,16580.0,-0.8091595557822138,-0.9526478418226827,-2.4293480122014977,0.8110289006370701,1427,16290.0,1,0.8110289006370701,1.7636767424597528,A,0.1,0.0,0.13
18,16740.0,1472,17470.0,1545,730.0,1489,16910.0,0.16253558391022116,1524,17260.0,1.0848087756199984,-2.4293480122014977,-0.5848016287819431,2.75441918002194,1505,17070.0,1,2.75441918002194,5.183767192223438,A,0.1,0.0,0.13
19,17830.0,1581,18570.0,1655,740.0,1600,18020.0,0.06568369369670801,1636,18380.0,0.7614411472173848,-2.5647766445938807,-1.1732617375525278,2.696144031987297,1620,18220.0,1,2.696144031987297,5.260920676581177,A,0.1,0.0,0.13
20,19040.0,1702,19780.0,1776,740.0,1714,19160.0,0.2137212506584687,1751,19530.0,0.7313768207596036,-2.142233471542137,-1.1069223313398673,2.5696759728590743,1726,19280.0,1,2.5696759728590743,4.711909444401211,A,0.1,0.0,0.13
21,19780.0,1776,20120.0,1810,340.0,1784,19860.0,-0.48691779904909627,1799,20010.0,-0.5208045523609104,-1.1069223313398673,-1.1746958379634955,0.13308673324167472,1791,19930.0,1,0.13308673324167472,1.240009064581542,A,0.1,0.0,0.13
22,20120.0,1810,20610.0,1859,490.0,1825,20270.0,-0.1807417249673965,1847,20490.0,-0.02179823657965063,-1.1746958379634955,-0.8568088611880037,0.8132123880287025,1836,20380.0,1,0.8132123880287025,1.987908225992198,A,0.1,0.0,0.13
23,20610.0,1859,21020.0,1900,410.0,1871,20730.0,0.14071279652247315,1891,20930.0,0.14563209866285598,-0.8568088611880037,-0.8469702569072379,1.1382344542329499,1881,20830.0,1,1.1382344542329499,1.9950433154209537,A,0.1,0.0,0.13
24,21020.0,1900,21570.0,1955,550.0,1910,21120.0,0.39824640892268204,1941,21430.0,-0.07281328075799043,-0.8469702569072379,-1.789089636268583,1.643463074752602,1919,21210.0,1,1.643463074752602,2.49043333165984,A,0.1,0.0,0.13
25,21820.0,1980,22480.0,2046,660.0,1991,21930.0,0.28053959026069175,2025,22270.0,0.24447526247832063,-1.6158671077581392,-1.687995763322882,2.176946288279523,2003,22050.0,1,2.176946288279523,3.792813396037662,A,0.1,0.0,0.13
26,22480.0,2046,23150.0,2113,670.0,2060,22620.0,0.06039334528274343,2089,22910.0,0.1937280938459407,-1.687995763322882,-1.421326266196487,1.8087824538883686,2073,22750.0,1,1.8087824538883686,3.4967782172112507,A,0.1,0.0,0.13
27,23390.0,2137,23990.0,2197,600.0,2148,23500.0,0.4767818697055719,2181,23830.0,1.1479567551230991,-2.0835769720682946,-0.7412272012332399,3.0371407114794384,2159,23610.0,1,3.0371407114794384,5.120717683547733,A,0.1,0.0,0.13
28,24460.0,2244,25130.0,2311,670.0,2254,24560.0,0.10379610884403956,2276,24780.0,1.04164723400848,-3.0192937672534153,-1.1435915169245345,3.2268859849414944,2263,24650.0,1,3.2268859849414944,6.24617975219491,A,0.1,0.0,0.13
29,25130.0,2311,25880.0,2386,750.0,2330,25320.0,0.4766696581247092,2359,25610.0,0.48073289380595274,-1.1435915169245345,-1.1354650455620474,2.096930833173953,2347,25490.0,1,2.096930833173953,3.2405223500984874,A,0.1,0.0,0.13
30,26270.0,2425,27190.0,2517,920.0,2437,26390.0,0.1375396122881236,2484,26860.0,0.2988450518204786,-2.4715166892010507,-2.1489058101363403,2.746595913777298,2450,26520.0,1,2.746595913777298,5.218112602978349,A,0.1,0.0,0.13
31,27190.0,2517,27800.0,2578,610.0,2530,27320.0,-0.20133312982409635,2559,27610.0,0.37457109447018555,-2.1489058101363403,-0.9970973615477766,1.7462395504881476,2541,27430.0,1,1.7462395504881476,3.895145360624488,A,0.1,0.0,0.13
32,27800.0,2578,28260.0,2624,460.0,2591,27930.0,-0.42535475724661054,2616,28180.0,-0.31028836617441236,-0.9970973615477766,-0.7669645794033803,0.14638784705455557,2608,28100.0,1,0.14638784705455557,1.1434852086023322,A,0.1,0.0,0.13
33,28260.0,2624,28970.0,2695,710.0,2635,28370.0,0.7659349754820094,2664,28660.0,0.22782319749880253,-0.7669645794033803,-1.8431881353697936,2.298834530367399,2646,28480.0,1,2.298834530367399,3.0657991097707793,A,0.1,0.0,0.13
34,29000.0,2698,29760.0,2774,760.0,2716,29180.0,0.13240259723551184,2758,29600.0,0.12595170836037695,-1.8401802194967467,-1.8530819972470167,2.1049854139677704,2729,29310.0,1,2.1049854139677704,3.945165633464517,A,0.1,0.0,0.13
35,30050.0,2803,30680.0,2866,630.0,2815,30170.0,0.6092906329317129,2845,30470.0,0.8498828620518355,-0.8267672626964959,-0.34558280445625056,2.0453485285599218,2827,30290.0,1,2.0453485285599218,2.8721157912564177,A,0.1,0.0,0.13
36,31240.0,2922,31920.0,2990,680.0,2933,31350.0,-0.13479456253657496,2973,31750.0,0.6617848274505347,-2.580530914960108,-0.9873721349858893,2.3109417898869586,2944,31460.0,1,2.3109417898869586,4.891472704847066,A,0.1,0.0,0.13
0,2310.0,29,2920.0,90,610.0,42,2440.0,0.4567521130291874,69,2710.0,0.74963597366263,-1.346546733993711,-0.7607790127268254,2.2600509600520855,53,2550.0,1,2.2600509600520855,3.6065976940457967,A_bis,0.1,0.5,0.13
1,2920.0,90,3400.0,138,480.0,99,3010.0,-0.06998395190077356,125,3270.0,-0.5127063557078928,-0.7607790127268254,-1.646223820341064,0.6208111089252784,107,3090.0,1,0.6208111089252784,1.3815901216521036,A_bis,0.1,0.5,0.13
2,3400.0,138,4000.0,198,600.0,149,3510.0,-0.2188640080535813,170,3720.0,0.003936218308605355,-1.646223820341064,-1.200623367616691,1.2084958042339016,158,3600.0,1,1.2084958042339016,2.8547196245749653,A_bis,0.1,0.5,0.13
3,4000.0,198,4660.0,264,660.0,212,4140.0,0.712899288229035,245,4470.0,0.32243098763017763,-1.200623367616691,-1.9815599688144057,2.626421944074761,223,4250.0,1,2.626421944074761,3.8270453116914522,A_bis,0.1,0.5,0.13
4,4660.0,264,5080.0,306,420.0,274,4760.0,-0.8788285969907885,294,4960.0,-0.45266459141799975,-1.9815599688144057,-1.1292319576688281,0.22390277483282853,284,4860.0,1,0.22390277483282853,2.2054627436472343,A_bis,0.1,0.5,0.13
5,5080.0,306,5710.0,369,630.0,319,5210.0,0.3470730933985564,349,5510.0,0.6180449648144681,-1.1292319576688281,-0.5872882148370047,1.8233781444659407,332,5340.0,1,1.8233781444659407,2.952610102134769,A_bis,0.1,0.5,0.13
6,6020.0,400,6680.0,466,660.0,414,6160.0,0.24869789703766032,445,6470.0,0.7941143483635618,-1.8248058031504086,-0.7339729004986058,2.322201597225729,426,6280.0,1,2.322201597225729,4.147007400376138,A_bis,0.1,0.5,0.13
7,6680.0,466,7230.0,521,550.0,474,6760.0,-0.28959074440874244,505,7070.0,-1.1158906272796334,-0.7339729004986058,-2.386572666240388,0.15479141168112087,482,6840.0,1,0.15479141168112087,0.8887643121797266,A_bis,0.1,0.5,0.13
8,7230.0,521,7940.0,592,710.0,536,7380.0,0.17372077667573338,570,7720.0,1.1097114439674678,-2.386572666240388,-0.5145913316569195,2.734014219591855,550,7520.0,1,2.734014219591855,5.1205868858322425,A_bis,0.1,0.5,0.13
9,7940.0,592,8290.0,627,350.0,600,8020.0,-0.15287126419146063,615,8170.0,-0.23227083347900734,-0.5145913316569195,-0.6733904702320129,0.20884880327399824,608,8100.0,1,0.20884880327399824,0.7234401349309177,A_bis,0.1,0.5,0.13
10,8970.0,695,9610.0,759,640.0,708,9100.0,0.8634122757874312,742,9440.0,0.5320339235824936,-0.7437077080276098,-1.4064644124374852,2.4705322596024724,719,9210.0,1,2.4705322596024724,3.214239967630082,A_bis,0.1,0.5,0.13
11,9610.0,759,10060.0,804,450.0,774,9760.0,-0.6917430368498264,796,9980.0,-0.2560788645038132,-1.4064644124374852,-0.5351360677454587,0.022978338737832404,788,9900.0,1,0.022978338737832404,1.4294427511753176,A_bis,0.1,0.5,0.13
12,10060.0,804,10360.0,834,300.0,812,10140.0,-0.25847612242458945,825,10270.0,-0.11215768549614236,-0.5351360677454587,-0.2424991938885646,0.018183822896279882,820,10220.0,1,0.018183822896279882,0.5533198906417386,A_bis,0.1,0.5,0.13
13,10560.0,854,11000.0,898,440.0,866,10680.0,0.6019919731795497,887,10890.0,0.5918804555219188,-0.5064868218755826,-0.5267098571908442,1.710470768234682,877,10790.0,1,1.710470768234682,2.2169575901102645,A_bis,0.1,0.5,0.13
14,11000.0,898,11520.0,950,520.0,905,11070.0,-0.14667701464139898,938,11400.0,-1.0507587472078666,-0.5267098571908442,-2.334873322323779,0.23335582790804618,912,11140.0,1,0.23335582790804618,0.7600656850988904,A_bis,0.1,0.5,0.13
15,11520.0,950,12240.0,1022,720.0,962,11640.0,0.06056822608170975,1001,12030.0,0.8020721789132279,-2.334873322323779,-0.8518654166607436,2.456009774487199,974,11760.0,1,2.456009774487199,4.790883096810978,A_bis,0.1,0.5,0.13
16,12830.0,1081,13460.0,1144,630.0,1094,12960.0,0.6221862721568103,1131,13330.0,0.7954993233471247,-1.2109540937779477,-0.8643279913973191,2.4553266380915684,1104,13060.0,1,2.4553266380915684,3.666280731869516,A_bis,0.1,0.5,0.13
17,13460.0,1144,13870.0,1185,410.0,1153,13550.0,-0.019951359473078134,1171,13730.0,-0.1931354467042461,-0.8643279913973191,-1.210696165859655,0.8244252724511628,1161,13630.0,1,0.8244252724511628,1.688753263848482,A_bis,0.1,0.5,0.13
18,14270.0,1225,15100.0,1308,830.0,1249,14510.0,0.5938101346807227,1280,14820.0,0.3712871371135986,-1.2128419250177862,-1.657887920152034,2.4004621943792315,1261,14630.0,1,2.4004621943792315,3.613304119397018,A_bis,0.1,0.5,0.13
19,15100.0,1308,15920.0,1390,820.0,1321,15230.0,-0.07834939035074462,1364,15660.0,-0.30211520818126525,-1.657887920152034,-2.1054195558130755,1.501189139450545,1339,15410.0,1,1.501189139450545,3.159077059602579,A_bis,0.1,0.5,0.13
20,15920.0,1390,16890.0,1487,970.0,1416,16180.0,0.13730972635910899,1476,16780.0,0.27607160638476314,-2.1054195558130755,-0.700424483903421,2.3800390085312935,1429,16310.0,2,1.8163033526021204,4.485458564344369,A_bis,0.1,0.5,0.13
21,17360.0,1534,17930.0,1591,570.0,1545,17470.0,0.272505787480698,1570,17720.0,0.34641182846767404,-1.1687772856464802,-1.0209652036725279,1.7137888606078762,1555,17570.0,1,1.7137888606078762,2.8825661462543564,A_bis,0.1,0.5,0.13
22,17930.0,1591,18490.0,1647,560.0,1603,18050.0,0.6748953372204085,1628,18300.0,0.59794913235459,-1.0209652036725279,-1.1748576134041644,2.3707558781133447,1613,18150.0,1,2.3707558781133447,3.3917210817858727,A_bis,0.1,0.5,0.13
23,19260.0,1724,20020.0,1800,760.0,1736,19380.0,0.6678514664489377,1774,19760.0,0.8941308419444043,-1.613566175651756,-1.1610074246608229,2.9492691085496316,1747,19490.0,1,2.9492691085496316,4.5628352842013875,A_bis,0.1,0.5,0.13
24,20530.0,1851,21050.0,1903,520.0,1873,20750.0,-0.1376128721504828,1895,20970.0,-0.01500177021757565,-0.9440086266992056,-0.6987864228333913,0.66878288239824,1886,20880.0,1,0.66878288239824,1.6127915090974456,A_bis,0.1,0.5,0.13
25,21050.0,1903,21740.0,1972,690.0,1913,21150.0,0.9301270477593981,1944,21460.0,0.22913678851848118,-0.6987864228333913,-2.100766941315225,2.5590405183521874,1924,21260.0,1,2.5590405183521874,3.257826941185579,A_bis,0.1,0.5,0.13
26,21970.0,1995,22840.0,2082,870.0,2007,22090.0,0.5948374053798295,2044,22460.0,0.28501243358753614,-1.3120514891019313,-1.9317014326865185,2.5017262998615903,2019,22210.0,1,2.5017262998615903,3.8137777889635216,A_bis,0.1,0.5,0.13
27,22840.0,2082,23410.0,2139,570.0,2096,22980.0,0.12587614197656505,2122,23240.0,0.5283437174504033,-1.9317014326865185,-1.1267662817388413,2.183453716639648,2107,23090.0,1,2.183453716639648,4.115155149326167,A_bis,0.1,0.5,0.13
28,23410.0,2139,24150.0,2213,740.0,2153,23550.0,0.04000955365174108,2197,23990.0,-0.15296492927340521,-1.1267662817388413,-1.5127152475891337,1.2067853890423232,2182,23840.0,1,1.2067853890423232,2.3335516707811648,A_bis,0.1,0.5,0.13
29,24290.0,2227,24990.0,2297,700.0,2240,24420.0,0.4218369963226343,2272,24740.0,0.6174241050053839,-1.7122515981385742,-1.3210773807730751,2.555925590783843,2251,24530.0,1,2.555925590783843,4.268177188922417,A_bis,0.1,0.5,0.13
30,25250.0,2323,25620.0,2360,370.0,2333,25350.0,-0.5790223783862886,2351,25530.0,-0.28614178110646826,-1.5379916971251766,-0.9522305025655361,0.37994694035259946,2343,25450.0,1,0.37994694035259946,1.917938637477776,A_bis,0.1,0.5,0.13
31,25620.0,2360,26300.0,2428,680.0,2371,25730.0,0.7157500871835792,2411,26130.0,0.6652342530411977,-0.9522305025655361,-1.0532621708502994,2.3837306769326947,2382,25840.0,1,2.3837306769326947,3.3359611794982307,A_bis,0.1,0.5,0.13
32,26300.0,2428,26750.0,2473,450.0,2437,26390.0,-0.5103179465997334,2464,26660.0,-0.4726190878453955,-1.0532621708502994,-0.9778644533416238,0.03262627765083266,2455,26570.0,1,0.03262627765083266,1.085888448501132,A_bis,0.1,0.5,0.13
33,27290.0,2527,28190.0,2617,900.0,2539,27410.0,0.4952000221374071,2586,27880.0,0.6430587297402779,-2.146907069388396,-0.9213395121028607,3.13730711366321,2550,27520.0,2,2.672382042623313,5.284214183051606,A_bis,0.1,0.5,0.13
34,28760.0,2674,29460.0,2744,700.0,2685,28870.0,0.7388984843897433,2713,29150.0,0.4922430080503988,-1.4598293089477403,-1.9531402616264288,2.9376262777272264,2696,28980.0,1,2.9376262777272264,4.397455586674967,A_bis,0.1,0.5,0.13
35,29460.0,2744,30250.0,2823,790.0,2755,29570.0,0.11343997613529355,2802,30040.0,0.3444544589211753,-1.9531402616264288,-1.491111296054666,2.1800202138970164,2765,29670.0,1,2.1800202138970164,4.133160475523445,A_bis,0.1,0.5,0.13
36,30630.0,2861,31320.0,2930,690.0,2872,30740.0,0.07873708689453096,2909,31110.0,1.0549977137505673,-2.5987480316314846,-0.6462267779194115,2.756222205420546,2882,30840.0,1,2.756222205420546,5.354970237052031,A_bis,0.1,0.5,0.13
0,2250.0,23,2850.0,83,600.0,43,2450.0,0.6818617842807926,67,2690.0,0.7664438165705649,-0.8441309942965527,-0.6749669297170082,2.207854562858138,56,2580.0,1,2.207854562858138,3.0519855571546906,B,0.2,0.0,0.13
1,3100.0,108,4100.0,208,1000.0,135,3370.0,0.36013939940808504,174,3760.0,0.42634427714649603,-1.6676440538901405,-1.5352342984133187,2.3879228527063106,149,3510.0,1,2.3879228527063106,4.055566906596451,B,0.2,0.0,0.13
2,4300.0,228,4840.0,282,540.0,240,4420.0,0.22924013094638074,267,4690.0,1.132020244959566,-2.1279390507336418,-0.32237882270727086,2.586419312626403,251,4530.0,1,2.586419312626403,4.714358363360045,B,0.2,0.0,0.13
3,4840.0,282,5140.0,312,300.0,289,4910.0,0.02846630594020111,304,5060.0,-0.2617660381285709,-0.32237882270727086,-0.9028435108448148,0.379311434587673,295,4970.0,1,0.379311434587673,0.7016902572949439,B,0.2,0.0,0.13
4,5140.0,312,5510.0,349,370.0,322,5240.0,-0.0779343264061444,338,5400.0,0.24200051870604583,-0.9028435108448148,-0.26297382062043456,0.7469748580325262,330,5320.0,1,0.7469748580325262,1.649818368877341,B,0.2,0.0,0.13
5,5920.0,390,6780.0,476,860.0,408,6100.0,0.35959658325130284,445,6470.0,0.4742815481385749,-1.5556963107132464,-1.3263263809387023,2.274889477215852,427,6290.0,1,2.274889477215852,3.8305857879290985,B,0.2,0.0,0.13
6,6780.0,476,7340.0,532,560.0,490,6920.0,-0.24650897630848845,518,7200.0,0.0631190289532021,-1.3263263809387023,-0.7070703704153213,0.8333084283217255,501,7030.0,1,0.8333084283217255,2.1596348092604276,B,0.2,0.0,0.13
7,7340.0,532,7740.0,572,400.0,542,7440.0,-0.009753477664588006,560,7620.0,-0.038363903523571774,-0.7070703704153213,-0.7642912221332888,0.6875634150861453,550,7520.0,1,0.6875634150861453,1.3946337855014665,B,0.2,0.0,0.13
8,8030.0,601,8710.0,669,680.0,621,8230.0,0.7045738672343016,648,8500.0,0.5972719028666142,-0.6371555117378769,-0.8517594404732514,2.04630324620648,632,8340.0,1,2.04630324620648,2.683458757944357,B,0.2,0.0,0.13
9,9170.0,715,9870.0,785,700.0,732,9340.0,0.658886625797773,763,9650.0,0.503717198661279,-1.339921448399386,-1.6502603026723741,2.657694699994932,743,9450.0,1,2.657694699994932,3.997616148394318,B,0.2,0.0,0.13
10,10050.0,803,10650.0,863,600.0,816,10180.0,0.07829400465846637,848,10500.0,0.8791776902052408,-1.9906745028136748,-0.388907131720126,2.1472625121306077,827,10290.0,1,2.1472625121306077,4.137937014944282,B,0.2,0.0,0.13
11,10650.0,863,11030.0,901,380.0,871,10730.0,-0.0893966720758072,889,10910.0,-0.1913908395702862,-0.388907131720126,-0.592895466709084,0.2101137875685116,880,10820.0,1,0.2101137875685116,0.5990209192886375,B,0.2,0.0,0.13
12,11320.0,930,12100.0,1008,780.0,943,11450.0,0.06495568753577663,975,11770.0,0.04445601245295849,-1.1197142168255212,-1.1607135669911575,1.2496255918970745,958,11600.0,1,1.2496255918970745,2.3693398087225956,B,0.2,0.0,0.13
13,12100.0,1008,13020.0,1100,920.0,1025,12270.0,0.4758774414225453,1064,12660.0,0.49795836782643854,-1.1607135669911575,-1.1165517141833707,2.112468449836248,1036,12380.0,1,2.112468449836248,3.2731820168274055,B,0.2,0.0,0.13
14,13290.0,1127,14160.0,1214,870.0,1141,13430.0,0.3826301815676376,1178,13800.0,0.09058320328673553,-1.6678116955177238,-2.251905652079528,2.433072058652999,1154,13560.0,1,2.433072058652999,4.100883754170723,B,0.2,0.0,0.13
15,14160.0,1214,14990.0,1297,830.0,1226,14280.0,0.1943345531250147,1262,14640.0,0.48526750323591306,-2.251905652079528,-1.6700397518577315,2.6405747583295573,1238,14400.0,1,2.6405747583295573,4.892480410409085,B,0.2,0.0,0.13
16,15190.0,1317,15880.0,1386,690.0,1329,15310.0,0.3654270006585465,1364,15660.0,1.0620887900901306,-2.2351448105470824,-0.841821231683914,2.9659988118641754,1340,15420.0,1,2.9659988118641754,5.201143622411258,B,0.2,0.0,0.13
17,16780.0,1476,17740.0,1572,960.0,1491,16930.0,0.5967018925352292,1528,17300.0,0.5299736299136786,-1.339220497080007,-1.4726770223231083,2.5326242821504654,1505,17070.0,1,2.5326242821504654,3.8718447792304724,B,0.2,0.0,0.13
18,17740.0,1572,18620.0,1660,880.0,1606,18080.0,0.663359394376164,1639,18410.0,0.8786451029602593,-1.4726770223231083,-1.042105605154918,2.7993958110754367,1620,18220.0,1,2.7993958110754367,4.2720728333985445,B,0.2,0.0,0.13
19,19040.0,1702,19760.0,1774,720.0,1714,19160.0,0.18652991436768662,1755,19570.0,0.9068157960518817,-2.0814913468611946,-0.6409195834928045,2.454551175596568,1726,19280.0,1,2.454551175596568,4.5360425224577625,B,0.2,0.0,0.13
20,19760.0,1774,20140.0,1812,380.0,1783,19850.0,-0.24468046577679625,1801,20030.0,-0.6260747168653985,-0.6409195834928045,-1.403708085670009,0.151558651939212,1791,19930.0,1,0.151558651939212,0.7924782354320166,B,0.2,0.0,0.13
21,20580.0,1856,21590.0,1957,1010.0,1869,20710.0,0.42096627618501814,1931,21330.0,-0.23078073326517234,-1.233483382473859,-1.4763738265465354,2.075415934843895,1881,20830.0,2,1.5451141474300432,3.308899317317754,B,0.2,0.0,0.13
22,21810.0,1979,22470.0,2045,660.0,1991,21930.0,0.25012355425190047,2027,22290.0,0.5165489198965536,-1.9266946625574415,-1.3938439312681348,2.426941771061242,2002,22040.0,1,2.426941771061242,4.353636433618684,B,0.2,0.0,0.13
23,22470.0,2045,23360.0,2134,890.0,2062,22640.0,-0.1472298110509096,2099,23010.0,-0.3835193763574676,-1.3938439312681348,-1.866423061881251,1.0993843091663158,2083,22850.0,1,1.0993843091663158,2.4932282404344503,B,0.2,0.0,0.13
24,23360.0,2134,24000.0,2198,640.0,2146,23480.0,0.4268258666266127,2182,23840.0,0.835143141952432,-1.866423061881251,-1.0497885112296124,2.7200747951344764,2158,23600.0,1,2.7200747951344764,4.586497857015727,B,0.2,0.0,0.13
25,24430.0,2241,24930.0,2291,500.0,2252,24540.0,0.15527444394448486,2273,24750.0,0.9953020992943102,-1.827781106231295,-0.14772579553164406,2.1383299941202645,2262,24640.0,1,2.1383299941202645,3.9661111003515597,B,0.2,0.0,0.13
26,25180.0,2316,25740.0,2372,560.0,2328,25300.0,0.5995820493520209,2355,25570.0,0.489471263076954,-0.62274956621619,-0.8429711387663237,1.8219136649202319,2341,25430.0,1,1.8219136649202319,2.444663231136422,B,0.2,0.0,0.13
27,26290.0,2427,27190.0,2517,900.0,2440,26420.0,0.4440601279153924,2486,26880.0,0.3391282833425653,-1.7788936024467605,-1.9887572915924145,2.6670138582775453,2451,26530.0,1,2.6670138582775453,4.445907460724306,B,0.2,0.0,0.13
28,27190.0,2517,27890.0,2587,700.0,2530,27320.0,-0.2677693474484808,2555,27570.0,0.4010818008290935,-1.9887572915924145,-0.6510549950372655,1.4532185966954527,2541,27430.0,1,1.4532185966954527,3.4419758882878675,B,0.2,0.0,0.13
29,28270.0,2625,29030.0,2701,760.0,2636,28380.0,0.9040022335378628,2666,28680.0,0.4300657518276312,-0.7497665991951974,-1.6976395626156613,2.557771066270923,2646,28480.0,1,2.557771066270923,3.3075376654661204,B,0.2,0.0,0.13
30,29030.0,2701,29750.0,2773,720.0,2716,29180.0,0.10240316351163603,2752,29540.0,0.15959007161600347,-1.6976395626156613,-1.5832657464069266,1.9024458896389336,2728,29300.0,1,1.9024458896389336,3.6000854522545946,B,0.2,0.0,0.13
31,29750.0,2773,30690.0,2867,940.0,2803,30050.0,0.13710863288036457,2847,30490.0,0.6036488620064637,-1.5832657464069266,-0.6501852881547283,1.8574830121676558,2826,30280.0,1,1.8574830121676558,3.4407487585745824,B,0.2,0.0,0.13
32,31260.0,2924,31910.0,2989,650.0,2935,31370.0,0.24565209424776935,2973,31750.0,0.6530748546557692,-2.022809875102319,-1.2079643542863194,2.514114063597858,2945,31470.0,1,2.514114063597858,4.536923938700177,B,0.2,0.0,0.13
0,2340.0,32,2940.0,92,600.0,44,2460.0,0.3025573464461342,71,2730.0,0.9723498309722763,-1.7892880178116806,-0.4497030487593964,2.394402710703949,55,2570.0,1,2.394402710703949,4.1836907285156295,B_bis,0.2,0.5,0.13
1,2940.0,92,3370.0,135,430.0,100,3020.0,-0.07277520218872802,120,3220.0,-0.3785488410400766,-0.4497030487593964,-1.0612503264620934,0.3041526443819403,108,3100.0,1,0.3041526443819403,0.7538556931413367,B_bis,0.2,0.5,0.13
2,3370.0,135,4000.0,198,630.0,146,3480.0,-0.10491381636683983,169,3710.0,-0.11677052908724572,-1.0612503264620934,-1.0849637519029052,0.8514226937284137,156,3580.0,1,0.8514226937284137,1.9126730201905071,B_bis,0.2,0.5,0.13
3,4000.0,198,4660.0,264,660.0,212,4140.0,0.5679438016878382,244,4460.0,0.018362528306619552,-1.0849637519029052,-2.1841262986653422,2.220851355278582,223,4250.0,1,2.220851355278582,3.3058151071814867,B_bis,0.2,0.5,0.13
4,4660.0,264,5110.0,309,450.0,275,4770.0,-0.4534196709765417,297,4990.0,0.5211179651743116,-2.1841262986653422,-0.23505102636363584,1.2772869567122591,286,4880.0,1,1.2772869567122591,3.461413255377601,B_bis,0.2,0.5,0.13
5,5110.0,309,5640.0,362,530.0,320,5220.0,0.39388333004658593,346,5480.0,0.09943616633657448,-0.23505102636363584,-0.8239453537836586,1.0228176864568077,331,5330.0,1,1.0228176864568077,1.2578687128204435,B_bis,0.2,0.5,0.13
6,6030.0,401,6690.0,467,660.0,413,6150.0,0.31111989369554216,450,6520.0,1.0426314025525512,-2.066914824108051,-0.6038918063940328,2.689154611499135,424,6260.0,1,2.689154611499135,4.756069435607186,B_bis,0.2,0.5,0.13
7,7240.0,522,7860.0,584,620.0,537,7390.0,0.1841305624521694,567,7690.0,0.8983829831771467,-1.9699510795640913,-0.5414462381141368,2.33821220446843,550,7520.0,1,2.33821220446843,4.3081632840325215,B_bis,0.2,0.5,0.13
8,7860.0,584,8440.0,642,580.0,594,7960.0,0.19893573792609198,626,8280.0,-0.2668531494435793,-0.5414462381141368,-1.473024012853479,0.9393177139663207,605,8070.0,1,0.9393177139663207,1.4807639520804576,B_bis,0.2,0.5,0.13
9,8970.0,695,9690.0,767,720.0,707,9090.0,0.7214375563340854,742,9440.0,0.6463873354499146,-1.1592519274269306,-1.309352369195272,2.6021270400951013,719,9210.0,1,2.6021270400951013,3.761378967522032,B_bis,0.2,0.5,0.13
10,9690.0,767,10070.0,805,380.0,780,9820.0,-0.44776477061247455,797,9990.0,0.14101012770230065,-1.309352369195272,-0.13180257256572142,0.41382282797032277,791,9930.0,1,0.41382282797032277,1.7231751971655949,B_bis,0.2,0.5,0.13
11,10540.0,852,11520.0,950,980.0,865,10670.0,0.44290435575691056,925,11270.0,-0.9048897184944539,-1.0838551238273246,-1.8427594624713723,1.969663835341146,877,10790.0,2,1.0013219304118053,3.0535189591684704,B_bis,0.2,0.5,0.13
12,11520.0,950,12270.0,1025,750.0,963,11650.0,0.28822003091695203,1004,12060.0,0.7036515563280568,-1.8427594624713723,-1.0118964116491629,2.4191995243052764,975,11770.0,1,2.4191995243052764,4.261958986776649,B_bis,0.2,0.5,0.13
13,12870.0,1085,13440.0,1142,570.0,1095,12970.0,0.5747892748513708,1128,13300.0,0.7462668598669506,-1.1380082507130007,-0.795053080681841,2.2875868004157422,1105,13070.0,1,2.2875868004157422,3.425595051128743,B_bis,0.2,0.5,0.13
14,13440.0,1142,13880.0,1186,440.0,1152,13540.0,0.048946521274855215,1171,13730.0,-0.13802587283379197,-0.795053080681841,-1.1689978688991356,0.8929461232315515,1160,13620.0,1,0.8929461232315515,1.6879992039133924,B_bis,0.2,0.5,0.13
15,14240.0,1222,15050.0,1303,810.0,1243,14450.0,0.5520074231380389,1275,14770.0,0.10682326217785554,-0.9441658649911734,-1.8345341869115404,2.048180711267251,1259,14610.0,1,2.048180711267251,2.9923465762584245,B_bis,0.2,0.5,0.13
16,15050.0,1303,15880.0,1386,830.0,1317,15190.0,-0.04317290688035036,1359,15610.0,0.030120840236916413,-1.8345341869115404,-1.6879466926770073,1.7481883731508399,1339,15410.0,1,1.7481883731508399,3.58272256006238,B_bis,0.2,0.5,0.13
17,16040.0,1402,17110.0,1509,1070.0,1416,16180.0,0.26312702207809213,1481,16830.0,-0.34707449244581134,-1.7596940415765938,-1.362474562409203,2.285948085732778,1428,16300.0,2,1.4771368316251792,4.045642127309372,B_bis,0.2,0.5,0.13
18,17340.0,1532,17950.0,1593,610.0,1544,17460.0,0.13237261542589973,1578,17800.0,0.6676890756412507,-1.7478199287998244,-0.6771870083691226,2.012565159651624,1554,17560.0,1,2.012565159651624,3.7603850884514483,B_bis,0.2,0.5,0.13
19,17950.0,1593,18500.0,1648,550.0,1603,18050.0,0.33094457904507346,1629,18310.0,0.1521374006376639,-0.6771870083691226,-1.0348013651839416,1.3390761664592694,1613,18150.0,1,1.3390761664592694,2.016263174828392,B_bis,0.2,0.5,0.13
20,18500.0,1648,18960.0,1694,460.0,1659,18610.0,-0.3275657290749373,1681,18830.0,-0.39394036825133705,-1.0348013651839416,-1.167550643536741,0.37966990703406694,1669,18710.0,1,0.37966990703406694,1.4144712722180086,B_bis,0.2,0.5,0.13
21,19260.0,1724,20030.0,1801,770.0,1736,19380.0,0.42719004165840224,1778,19800.0,0.8313943295196686,-1.9450495931461191,-1.1366410174235861,2.7994296764629234,1747,19490.0,1,2.7994296764629234,4.744479269609043,B_bis,0.2,0.5,0.13
22,21040.0,1902,21700.0,1968,660.0,1914,21160.0,0.8974888458418524,1944,21460.0,0.665637473995393,-1.0728989910348177,-1.5366017347277365,2.8678766827185225,1924,21260.0,1,2.8678766827185225,3.94077567375334,B_bis,0.2,0.5,0.13
23,21930.0,1991,22720.0,2070,790.0,2005,22070.0,0.4015232306798915,2039,22410.0,0.3483697051543879,-1.4955907583784818,-1.6018978094294891,2.2986372197382647,2017,22190.0,1,2.2986372197382647,3.7942279781167465,B_bis,0.2,0.5,0.13
24,22720.0,2070,23420.0,2140,700.0,2095,22970.0,0.26636165864855665,2124,23260.0,0.4078480829983031,-1.6018978094294891,-1.3189249607299964,2.1346211267266026,2108,23100.0,1,2.1346211267266026,3.7365189361560915,B_bis,0.2,0.5,0.13
25,23420.0,2140,24270.0,2225,850.0,2150,23520.0,-0.4014405376347804,2198,24000.0,-0.3271548156704176,-1.3189249607299964,-1.756193097870827,1.1018834665299917,2183,23850.0,2,0.8089636759952137,2.4208084272599883,B_bis,0.2,0.5,0.13
26,24270.0,2225,25010.0,2299,740.0,2239,24410.0,0.3454336473741224,2270,24720.0,0.6071810863613072,-1.756193097870827,-1.2326982198964571,2.4470603926190715,2251,24530.0,1,2.4470603926190715,4.203253490489899,B_bis,0.2,0.5,0.13
27,25240.0,2322,25640.0,2362,400.0,2336,25380.0,-0.27071307625053787,2354,25560.0,0.2972556919356588,-1.4229187075676544,-0.28698117119526123,0.8814925550665788,2346,25480.0,1,0.8814925550665788,2.304411262634233,B_bis,0.2,0.5,0.13
28,25640.0,2362,26300.0,2428,660.0,2372,25740.0,0.7751775739271469,2397,25990.0,0.5667783130422969,-0.28698117119526123,-0.7037796929649612,1.837336319049555,2381,25830.0,1,1.837336319049555,2.1243174902448163,B_bis,0.2,0.5,0.13
29,26300.0,2428,26770.0,2475,470.0,2438,26400.0,-0.3317082208909776,2464,26660.0,-0.16487614362667335,-0.7037796929649612,-0.37011553843635275,0.040363251183006016,2455,26570.0,1,0.040363251183006016,0.7441429441479672,B_bis,0.2,0.5,0.13
30,27310.0,2529,28180.0,2616,870.0,2541,27430.0,0.5149407664006636,2588,27900.0,0.40505081814870425,-2.040959416284544,-1.261693612664978,3.0708409490858717,2551,27530.0,2,2.571318099024129,5.111800365370415,B_bis,0.2,0.5,0.13
31,28740.0,2672,29450.0,2743,710.0,2684,28860.0,0.5008532367547744,2712,29140.0,0.17352162405333216,-1.2395154658903962,-1.89417869129328,2.241221939399945,2695,28970.0,1,2.241221939399945,3.4807374052903413,B_bis,0.2,0.5,0.13
32,29450.0,2743,30240.0,2822,790.0,2755,29570.0,0.26237836462806285,2799,30010.0,0.3582270105990366,-1.89417869129328,-1.7024813993513321,2.418935420549406,2766,29680.0,1,2.418935420549406,4.313114111842686,B_bis,0.2,0.5,0.13
33,30600.0,2858,31310.0,2929,710.0,2870,30720.0,0.17094555288576885,2911,31130.0,0.792565043722465,-2.1610940057301447,-0.9178550240567525,2.5029851115016823,2881,30830.0,1,2.5029851115016823,4.664079117231827,B_bis,0.2,0.5,0.13
34,31590.0,2957,31940.0,2992,350.0,2968,31700.0,-0.2785802758954118,2984,31860.0,0.1186053804610871,-0.8284462177921718,-0.03407490507917411,0.2712856660013483,2978,31800.0,1,0.2712856660013483,1.09973188379352,B_bis,0.2,0.5,0.13
0,2220.0,20,3090.0,107,870.0,36,2380.0,0.5234933693100136,69,2710.0,0.22852390416475687,-0.965826250386317,-1.5557651806768305,2.012812989006344,54,2560.0,1,2.012812989006344,2.978639239392661,C,0.3,0.0,0.13
1,3090.0,107,4110.0,209,1020.0,137,3390.0,0.400864446577756,176,3780.0,0.4959443325863102,-1.5557651806768305,-1.365605408659722,2.3574940738323424,150,3520.0,1,2.3574940738323424,3.913259254509173,C,0.3,0.0,0.13
2,4290.0,227,4840.0,282,550.0,240,4420.0,0.2282367168615489,266,4680.0,0.8783993881488545,-1.8349011117264717,-0.53457576915186,2.2913745454495693,251,4530.0,1,2.2913745454495693,4.126275657176041,C,0.3,0.0,0.13
3,4840.0,282,5140.0,312,300.0,290,4920.0,-0.16613107952388317,305,5070.0,-0.15089616878122747,-0.53457576915186,-0.5041059476665485,0.2023136101040936,298,5000.0,1,0.2023136101040936,0.7368893792559537,C,0.3,0.0,0.13
4,5140.0,312,5570.0,355,430.0,322,5240.0,0.2108898306101833,340,5420.0,0.24805406341057934,-0.5041059476665485,-0.4297774820657564,0.9258856088869151,330,5320.0,1,0.9258856088869151,1.4299915565534635,C,0.3,0.0,0.13
5,5930.0,391,6810.0,479,880.0,417,6190.0,0.4206263238146928,450,6520.0,0.3988443086846749,-1.2974461240093822,-1.3410101542694182,2.1386987716387678,430,6320.0,1,2.1386987716387678,3.43614489564815,C,0.3,0.0,0.13
6,6810.0,479,7370.0,535,560.0,491,6930.0,-0.24593663790807962,521,7230.0,0.047281840843247935,-1.3410101542694182,-0.754573196766763,0.8491368784532589,501,7030.0,1,0.8491368784532589,2.190147032722677,C,0.3,0.0,0.13
7,7370.0,535,7760.0,574,390.0,544,7460.0,-0.08421332318706343,562,7640.0,-0.004494272894064677,-0.754573196766763,-0.5951350961807654,0.5861465503926361,553,7550.0,1,0.5861465503926361,1.3407197471593992,C,0.3,0.0,0.13
8,8070.0,605,8770.0,675,700.0,621,8230.0,0.6371132178608856,651,8530.0,0.862049349346975,-1.034751831445727,-0.5848795684735482,2.308978267167498,633,8350.0,1,2.308978267167498,3.343730098613225,C,0.3,0.0,0.13
9,9220.0,720,10050.0,803,830.0,734,9360.0,0.5064719081534352,768,9700.0,0.5010125629308366,-1.6485709829280937,-1.659489673373291,2.6615147992349644,745,9470.0,1,2.6615147992349644,4.310085782163058,C,0.3,0.0,0.13
10,10050.0,803,10610.0,859,560.0,816,10180.0,-0.21094896839942368,846,10480.0,0.24530946478004256,-1.659489673373291,-0.7469728070143583,1.2375917365744433,827,10290.0,1,1.2375917365744433,2.8970814099477344,C,0.3,0.0,0.13
11,10610.0,859,11340.0,932,730.0,869,10710.0,0.10510847070885776,907,11090.0,0.0715507010707116,-0.7469728070143583,-0.8140883462906506,0.9571897484320737,880,10820.0,1,0.9571897484320737,1.7041625554464321,C,0.3,0.0,0.13
12,11340.0,932,12150.0,1013,810.0,945,11470.0,-0.22110177510512663,984,11860.0,-0.5187763006093504,-0.8140883462906506,-1.4094373972990983,0.3718847960803974,967,11690.0,1,0.3718847960803974,1.185973142371048,C,0.3,0.0,0.13
13,12150.0,1013,13010.0,1099,860.0,1026,12280.0,0.4988139249330168,1065,12670.0,0.695310385001124,-1.4094373972990983,-1.0164444771628842,2.407065247165132,1037,12390.0,1,2.407065247165132,3.8165026444642303,C,0.3,0.0,0.13
14,13290.0,1127,13960.0,1194,670.0,1141,13430.0,0.18732822732498433,1175,13770.0,0.38774660384613246,-1.29235917038324,-0.8915224173409436,1.6670156250332084,1155,13570.0,1,1.6670156250332084,2.9593747954164487,C,0.3,0.0,0.13
15,14160.0,1214,14820.0,1280,660.0,1226,14280.0,0.3521728780553721,1261,14630.0,0.743619168581527,-1.9766076933289687,-1.1937151122766594,2.680953449439713,1237,14390.0,1,2.680953449439713,4.657561142768682,C,0.3,0.0,0.13
16,15160.0,1314,15890.0,1387,730.0,1328,15300.0,0.36601185597681063,1361,15630.0,0.9509077471741728,-1.9637527493620026,-0.7939609669672781,2.695776461315624,1340,15420.0,1,2.695776461315624,4.6595292106776265,C,0.3,0.0,0.13
17,16350.0,1433,16810.0,1479,460.0,1443,16450.0,-0.21747234622838907,1465,16670.0,-0.4536793531244361,-0.5790136592205742,-1.0514276730126684,0.14406896676379613,1452,16540.0,1,0.14406896676379613,0.7230826259843703,C,0.3,0.0,0.13
18,16810.0,1479,17670.0,1565,860.0,1493,16950.0,0.4409392740342073,1531,17330.0,0.2880905475226794,-1.0514276730126684,-1.3571251260357247,1.9333062210810832,1510,17120.0,1,1.9333062210810832,2.9847338940937513,C,0.3,0.0,0.13
19,17930.0,1591,18640.0,1662,710.0,1607,18090.0,0.8129153652385974,1640,18420.0,0.8371137598815086,-1.1188305560646206,-1.0704337667787982,2.7446612865418154,1619,18210.0,1,2.7446612865418154,3.863491842606436,C,0.3,0.0,0.13
20,19060.0,1704,19750.0,1773,690.0,1716,19180.0,0.2875884361708225,1755,19570.0,0.9477157712819675,-1.9230042093408386,-0.6027495391185487,2.4981810816824837,1727,19290.0,1,2.4981810816824837,4.421185291023322,C,0.3,0.0,0.13
21,19750.0,1773,20210.0,1819,460.0,1781,19830.0,-0.2633361482030166,1802,20040.0,-0.4948094353685968,-0.6027495391185487,-1.0656961134497092,0.07607724271251551,1789,19910.0,1,0.07607724271251551,0.6788267818310642,C,0.3,0.0,0.13
22,20600.0,1858,21670.0,1965,1070.0,1870,20720.0,0.42156184555903686,1921,21230.0,0.49026525686635103,-1.6383381472412075,-1.5009313246265796,2.4814618383592815,1881,20830.0,1,2.4814618383592815,4.119799985600489,C,0.3,0.0,0.13
23,21810.0,1979,22490.0,2047,680.0,1991,21930.0,0.31151472426432103,2029,22310.0,0.5966384010760242,-1.9131996130759126,-1.3429522594525067,2.536229061604555,2002,22040.0,1,2.536229061604555,4.449428674680467,C,0.3,0.0,0.13
24,22490.0,2047,23350.0,2133,860.0,2076,22780.0,0.03986707879320606,2103,23050.0,-0.18734035138880878,-1.3429522594525067,-1.7973671198165369,1.422686417038919,2087,22890.0,1,1.422686417038919,2.7656386764914256,C,0.3,0.0,0.13
25,23350.0,2133,24250.0,2223,900.0,2145,23470.0,0.12496759374808142,2186,23880.0,0.5257955102432684,-1.7973671198165369,-0.9957112868261627,2.0473023073126995,2158,23600.0,1,2.0473023073126995,3.8446694271292365,C,0.3,0.0,0.13
26,24420.0,2240,24870.0,2285,450.0,2251,24530.0,-0.1822303931922451,2272,24740.0,0.3419735780126272,-1.54149816063764,-0.49309021822789534,1.1770373742531497,2262,24640.0,1,1.1770373742531497,2.7185355348907896,C,0.3,0.0,0.13
27,24870.0,2285,25920.0,2390,1050.0,2295,24970.0,0.13481179732514526,2354,25560.0,0.3358535035444501,-0.49309021822789534,-1.1073779133175323,1.7790849204064325,2339,25410.0,2,1.2708993666423092,2.272175138634328,C,0.3,0.0,0.13
28,26310.0,2429,27180.0,2516,870.0,2441,26430.0,0.46696363136175134,2485,26870.0,0.5652346705592601,-1.8909772460488725,-1.694435167653855,2.8249045087723754,2451,26530.0,1,2.8249045087723754,4.715881754821248,C,0.3,0.0,0.13
29,27180.0,2516,27810.0,2579,630.0,2530,27320.0,-0.4107703767013402,2562,27640.0,0.1300484303471816,-1.694435167653855,-0.6127975535568113,0.8728944142511744,2545,27470.0,1,0.8728944142511744,2.5673295819050295,C,0.3,0.0,0.13
30,28270.0,2625,29030.0,2701,760.0,2636,28380.0,0.8927434923024915,2666,28680.0,0.55357736304058,-0.8021841665350324,-1.480516425058855,2.5876711511400154,2646,28480.0,1,2.5876711511400154,3.389855317675048,C,0.3,0.0,0.13
31,29030.0,2701,29860.0,2784,830.0,2715,29170.0,0.0022252820913759574,2749,29510.0,-0.01956243302779459,-1.480516425058855,-1.524091855297196,1.4849669892416069,2727,29290.0,1,1.4849669892416069,2.965483414300462,C,0.3,0.0,0.13
32,29860.0,2784,30710.0,2869,850.0,2799,30010.0,0.23198895622577265,2845,30470.0,0.517977958165208,-1.524091855297196,-0.9521138514183252,1.9880697677487411,2826,30280.0,1,1.9880697677487411,3.5121616230459374,C,0.3,0.0,0.13
33,31240.0,2922,31910.0,2989,670.0,2934,31360.0,0.2833813952488009,2970,31720.0,0.7882090335169988,-1.8209556763080943,-0.8113003997716989,2.3877184668056963,2945,31470.0,1,2.3877184668056963,4.20867414311379,C,0.3,0.0,0.13
0,2340.0,32,2950.0,93,610.0,44,2460.0,0.3006291759721762,73,2750.0,0.9034604278595981,-1.7064666015645367,-0.5008040977896926,2.307724953508889,56,2580.0,1,2.307724953508889,4.014191555073426,C_bis,0.3,0.5,0.13
1,3330.0,131,4010.0,199,680.0,144,3460.0,0.11686166217931637,166,3680.0,-0.12483456214334177,-0.612089648185859,-1.0954820968311754,0.8458129725444917,153,3550.0,1,0.8458129725444917,1.4579026207303507,C_bis,0.3,0.5,0.13
2,4010.0,199,4670.0,265,660.0,212,4140.0,0.31484593367898905,241,4430.0,-0.13640176396615877,-1.0954820968311754,-1.9979774921214708,1.7251739641891533,223,4250.0,1,1.7251739641891533,2.820656061020329,C_bis,0.3,0.5,0.13
3,4670.0,265,5790.0,377,1120.0,276,4780.0,-0.059376476666920475,326,5280.0,0.3949289439099337,-1.9979774921214708,-1.0893666509677626,1.87922453878763,288,4900.0,1,1.87922453878763,3.8772020309091006,C_bis,0.3,0.5,0.13
4,6040.0,402,6860.0,484,820.0,414,6160.0,0.4384021455764122,453,6550.0,0.8595624321475053,-1.9313811060585264,-1.0890605329163399,2.8081853972113504,425,6270.0,1,2.8081853972113504,4.739566503269877,C_bis,0.3,0.5,0.13
5,7270.0,525,7830.0,581,560.0,538,7400.0,-0.04591261804685898,566,7680.0,0.26866372252568904,-1.4787712677997482,-0.8496185866546518,1.38694603170603,549,7510.0,1,1.38694603170603,2.8657172995057785,C_bis,0.3,0.5,0.13
6,7830.0,581,8470.0,645,640.0,593,7950.0,0.34673971482643207,626,8280.0,0.17048228125165577,-0.8496185866546518,-1.2021334538042046,1.543098016307516,605,8070.0,1,1.543098016307516,2.392716602962168,C_bis,0.3,0.5,0.13
7,8970.0,695,9710.0,769,740.0,707,9090.0,0.5370845715864312,743,9450.0,0.6243415654467277,-1.4731099504601324,-1.2985959627395396,2.547279093632995,719,9210.0,1,2.547279093632995,4.020389044093127,C_bis,0.3,0.5,0.13
8,9710.0,769,10350.0,833,640.0,782,9840.0,-0.2853349622032746,810,10120.0,-0.03321533905759788,-1.2985959627395396,-0.7943567164481861,0.7279260383329903,793,9950.0,1,0.7279260383329903,2.02652200107253,C_bis,0.3,0.5,0.13
9,10550.0,853,11390.0,937,840.0,866,10680.0,0.3547372010586116,903,11050.0,0.38990219551523597,-1.3512316438609004,-1.2809016549476517,2.0607060459781237,878,10800.0,1,2.0607060459781237,3.411937689839024,C_bis,0.3,0.5,0.13
10,11520.0,950,12470.0,1045,950.0,963,11650.0,0.330153462461549,1002,12040.0,0.30139147626906104,-1.3788055270196613,-1.4363294994046372,2.0391124519427595,975,11770.0,1,2.0391124519427595,3.4179179789624206,C_bis,0.3,0.5,0.13
11,12470.0,1045,12880.0,1086,410.0,1057,12590.0,-0.378977002499006,1078,12800.0,0.09117532205346257,-1.4363294994046372,-0.4960248502997002,0.6783754944066254,1069,12710.0,1,0.6783754944066254,2.1147049938112623,C_bis,0.3,0.5,0.13
12,12880.0,1086,13410.0,1139,530.0,1096,12980.0,0.449754146336794,1124,13260.0,0.2743319655448384,-0.4960248502997002,-0.8468692118836114,1.3955331429732882,1105,13070.0,1,1.3955331429732882,1.8915579932729885,C_bis,0.3,0.5,0.13
13,13410.0,1139,13930.0,1191,520.0,1149,13510.0,0.04016281751541606,1173,13750.0,0.012786819710463915,-0.8468692118836114,-0.9016212074935158,0.9271948469144436,1159,13610.0,1,0.9271948469144436,1.774064058798055,C_bis,0.3,0.5,0.13
14,14230.0,1221,15060.0,1304,830.0,1235,14370.0,0.35729778241051546,1271,14730.0,-0.07371952258466519,-1.0716040193562748,-1.933638629346636,1.7861995841773057,1253,14550.0,1,1.7861995841773057,2.8578036035335805,C_bis,0.3,0.5,0.13
15,15060.0,1304,15860.0,1384,800.0,1317,15190.0,-0.07116677565870089,1360,15620.0,0.13469291440205478,-1.933638629346636,-1.47166558751276,1.7913050780292343,1330,15320.0,2,1.7661782471730518,3.7249437073758704,C_bis,0.3,0.5,0.13
16,16040.0,1402,17100.0,1508,1060.0,1416,16180.0,0.24579285528878647,1457,16590.0,0.40075088911971957,-1.6194304129654689,-1.3095143453036027,2.111016123543042,1429,16310.0,1,2.111016123543042,3.7304465365085107,C_bis,0.3,0.5,0.13
17,17340.0,1532,17970.0,1595,630.0,1544,17460.0,0.21158599171387293,1581,17830.0,0.8567955527288051,-1.7495806533586726,-0.4591615313288082,2.1727526367864183,1554,17560.0,1,2.1727526367864183,3.922333290145091,C_bis,0.3,0.5,0.13
18,17970.0,1595,18500.0,1648,530.0,1603,18050.0,0.07675462420686419,1628,18300.0,-0.2192046377975443,-0.4591615313288082,-1.0510800553376254,0.6126707797425367,1611,18130.0,1,0.6126707797425367,1.0718323110713448,C_bis,0.3,0.5,0.13
19,18500.0,1648,18980.0,1696,480.0,1659,18610.0,-0.20125046602674956,1680,18820.0,-0.10907797620424242,-1.0510800553376254,-0.8667350756926111,0.6485791232841263,1669,18710.0,1,0.6485791232841263,1.6996591786217516,C_bis,0.3,0.5,0.13
20,19270.0,1725,20060.0,1804,790.0,1736,19380.0,0.3052625345416886,1777,19790.0,0.8910953962452249,-1.9085544938536474,-0.7368887704465749,2.5190795629370246,1747,19490.0,1,2.5190795629370246,4.427634056790672,C_bis,0.3,0.5,0.13
21,21040.0,1902,21660.0,1964,620.0,1913,21150.0,0.7137824976688558,1943,21450.0,0.7104540292009858,-1.309634280066118,-1.3162912170018581,2.73719927540383,1924,21260.0,1,2.73719927540383,4.046833555469948,C_bis,0.3,0.5,0.13
22,21910.0,1989,22810.0,2079,900.0,2004,22060.0,0.3192356625000412,2037,22390.0,0.36194927050030223,-1.468799979616836,-1.3833727636163142,2.1072713046169187,2017,22190.0,1,2.1072713046169187,3.5760712842337545,C_bis,0.3,0.5,0.13
23,22810.0,2079,23440.0,2142,630.0,2099,23010.0,0.18086479187443416,2129,23310.0,0.324526338910218,-1.3833727636163142,-1.0960496695447466,1.7451023473651825,2113,23150.0,1,1.7451023473651825,3.1284751109814968,C_bis,0.3,0.5,0.13
24,23440.0,2142,24280.0,2226,840.0,2151,23530.0,-0.2950658108515847,2202,24040.0,-0.36616162026502197,-1.0960496695447466,-1.3946530571298943,0.6623298165998502,2187,23890.0,2,0.5841239322207137,1.7583794861445967,C_bis,0.3,0.5,0.13
25,24280.0,2226,25240.0,2322,960.0,2239,24410.0,0.3959228347384005,2268,24700.0,0.4507070755915341,-1.3946530571298943,-1.285084575423627,2.1864987266066955,2251,24530.0,1,2.1864987266066955,3.5811517837365896,C_bis,0.3,0.5,0.13
26,25240.0,2322,26250.0,2423,1010.0,2339,25410.0,0.06611997665303249,2392,25940.0,0.31927167528627676,-1.285084575423627,-0.6764383976848243,1.4173245287296923,2350,25520.0,2,1.366153138493535,2.702409104153319,C_bis,0.3,0.5,0.13
27,26420.0,2440,27300.0,2528,880.0,2454,26560.0,0.005379584743895105,2497,26990.0,-0.6714678394150564,-0.5219909032512258,-1.8756857515691288,0.532750072739016,2466,26680.0,1,0.532750072739016,1.0547409759902417,C_bis,0.3,0.5,0.13
28,27300.0,2528,28220.0,2620,920.0,2540,27420.0,0.4045343658813396,2585,27870.0,0.5947411653652503,-1.8756857515691288,-1.4952721526013075,2.684754483331808,2551,27530.0,1,2.684754483331808,4.560440234900937,C_bis,0.3,0.5,0.13
29,28220.0,2620,28750.0,2673,530.0,2637,28390.0,-0.4331280409587781,2664,28660.0,-0.005477194273388775,-1.4952721526013075,-0.6399704592305288,0.6290160706837513,2651,28530.0,1,0.6290160706837513,2.124288223285059,C_bis,0.3,0.5,0.13
30,28750.0,2673,29260.0,2724,510.0,2684,28860.0,0.374461689249144,2704,29060.0,0.2828712120457163,-0.6399704592305288,-0.8231514136373842,1.3888938377288167,2693,28950.0,1,1.3888938377288167,2.0288642969593456,C_bis,0.3,0.5,0.13
31,29460.0,2744,30220.0,2820,760.0,2755,29570.0,0.3653486283991838,2797,29990.0,0.40652763618043086,-1.8116806612475433,-1.7293226456850486,2.5423779180459105,2766,29680.0,1,2.5423779180459105,4.354058579293454,C_bis,0.3,0.5,0.13
32,30600.0,2858,31570.0,2955,970.0,2870,30720.0,0.1865651410710325,2913,31150.0,0.630738281524198,-1.734208488276352,-0.8458622073700213,2.107338770418417,2881,30830.0,1,2.107338770418417,3.841547258694769,C_bis,0.3,0.5,0.13
0,2190.0,17,2930.0,91,740.0,31,2330.0,0.4226585496138223,67,2690.0,0.3515511186955558,-0.8651239493507225,-1.0073388111872554,1.710441048578367,49,2510.0,1,1.710441048578367,2.5755649979290896,D,0.5,0.0,0.13
1,3100.0,108,4000.0,198,900.0,138,3400.0,0.41117843358390505,172,3740.0,0.5169646371323204,-1.2222997498358046,-1.0107273427389738,2.0446566170036147,150,3520.0,1,2.0446566170036147,3.2669563668394193,D,0.5,0.0,0.13
2,4270.0,225,4850.0,283,580.0,239,4410.0,0.2554182703148019,269,4710.0,0.1301272164109788,-0.5092678410514965,-0.7598499488591426,1.0201043816811002,251,4530.0,1,1.0201043816811002,1.5293722227325968,D,0.5,0.0,0.13
3,5130.0,311,5580.0,356,450.0,321,5230.0,0.38010931946418314,342,5440.0,0.3494770644827837,-0.577198136265779,-0.6384626462285778,1.3374167751941453,330,5320.0,1,1.3374167751941453,1.9146149114599242,D,0.5,0.0,0.13
4,5580.0,356,6110.0,409,530.0,365,5670.0,-0.26307211080549314,384,5860.0,-0.4265789731336638,-0.6384626462285778,-0.965476370884919,0.11231842461759155,373,5750.0,1,0.11231842461759155,0.7507810708461694,D,0.5,0.0,0.13
5,6110.0,409,6820.0,480,710.0,421,6230.0,0.31804449288159775,452,6540.0,0.2832310329739278,-0.965476370884919,-1.0351032907002589,1.6015653566481147,431,6330.0,1,1.6015653566481147,2.5670417275330335,D,0.5,0.0,0.13
6,6820.0,480,7350.0,533,530.0,492,6940.0,-0.08841172873794112,518,7200.0,0.21132813023556152,-1.0351032907002589,-0.4356235727532536,0.8582798332243766,503,7050.0,1,0.8582798332243766,1.8933831239246355,D,0.5,0.0,0.13
7,7350.0,533,7830.0,581,480.0,542,7440.0,0.06299075824114969,562,7640.0,-0.07890428551245487,-0.4356235727532536,-0.7194136602604628,0.561605089235553,550,7520.0,1,0.561605089235553,0.9972286619888066,D,0.5,0.0,0.13
8,8130.0,611,8790.0,677,660.0,624,8260.0,0.659100265701659,657,8590.0,0.6369368325885438,-0.8456342642134617,-0.8899611304396919,2.1638347956167796,634,8360.0,1,2.1638347956167796,3.0094690598302414,D,0.5,0.0,0.13
9,9200.0,718,10050.0,803,850.0,733,9350.0,0.5138098539042499,767,9690.0,0.7392319103183227,-1.606897672189887,-1.1560535593617414,2.6345173799983868,744,9460.0,1,2.6345173799983868,4.241415052188274,D,0.5,0.0,0.13
10,10590.0,857,11390.0,937,800.0,868,10700.0,0.18279076217817924,915,11170.0,0.33565746964753695,-1.1002711007244368,-0.7945376857857214,1.465852625080795,880,10820.0,1,1.465852625080795,2.566123725805232,D,0.5,0.0,0.13
11,11390.0,937,12150.0,1013,760.0,963,11650.0,-0.2846820223940756,987,11890.0,-0.6478001466129897,-0.7945376857857214,-1.5207739342235496,0.2251736409975701,973,11750.0,1,0.2251736409975701,1.0197113267832916,D,0.5,0.0,0.13
12,12150.0,1013,12880.0,1086,730.0,1026,12280.0,0.45951908636352923,1064,12660.0,0.734241289577015,-1.5207739342235496,-0.9713295277965781,2.4398121069506082,1037,12390.0,1,2.4398121069506082,3.9605860411741576,D,0.5,0.0,0.13
13,13320.0,1130,14150.0,1213,830.0,1146,13480.0,0.09209534709667233,1181,13830.0,-0.09844913696928304,-1.017527803637579,-1.3986167717694895,1.2017184978309234,1162,13640.0,1,1.2017184978309234,2.2192463014685027,D,0.5,0.0,0.13
14,14150.0,1213,15140.0,1312,990.0,1225,14270.0,0.18043923812858909,1266,14680.0,0.12698375348223157,-1.3986167717694895,-1.5055277410622045,1.7594952480266677,1237,14390.0,1,1.7594952480266677,3.158112019796157,D,0.5,0.0,0.13
15,15140.0,1312,15880.0,1386,740.0,1331,15330.0,0.36490088896403816,1364,15660.0,0.7037049421527055,-1.5055277410622045,-0.8279196346848696,2.2353295189902807,1346,15480.0,1,2.2353295189902807,3.7408572600524854,D,0.5,0.0,0.13
16,16410.0,1439,16860.0,1484,450.0,1450,16520.0,0.12293955865821504,1473,16750.0,0.1474265309780931,-0.4641794866847234,-0.4152055420449672,0.7100586040011535,1461,16630.0,1,0.7100586040011535,1.174238090685877,D,0.5,0.0,0.13
17,16860.0,1484,17740.0,1572,880.0,1495,16970.0,0.1571458915109769,1537,17390.0,-0.18167136923925553,-0.4152055420449672,-1.092840063545432,0.7294973250669211,1513,17150.0,1,0.7294973250669211,1.1447028671118882,D,0.5,0.0,0.13
18,17910.0,1589,18610.0,1659,700.0,1604,18060.0,0.6828871363055575,1639,18410.0,0.7424715848593262,-1.3343030920942849,-1.2151341949867482,2.7000773647054004,1616,18180.0,1,2.7000773647054004,4.034380456799685,D,0.5,0.0,0.13
19,19050.0,1703,19730.0,1771,680.0,1715,19170.0,0.5861252300825883,1752,19540.0,0.6935876063624146,-1.041981591318552,-0.8270568387588996,2.214232051483729,1726,19280.0,1,2.214232051483729,3.2562136428022805,D,0.5,0.0,0.13
20,20010.0,1799,20600.0,1858,590.0,1807,20090.0,-0.1616854667550557,1844,20460.0,-0.9007267890601106,-0.3482485321297639,-1.8263311767398738,0.02487759861965249,1814,20160.0,1,0.02487759861965249,0.3731261307494164,D,0.5,0.0,0.13
21,20600.0,1858,21590.0,1957,990.0,1870,20720.0,0.3032219556156097,1916,21180.0,0.49528406999951824,-1.8263311767398738,-1.4422069479720565,2.432775087971093,1881,20830.0,1,2.432775087971093,4.259106264710967,D,0.5,0.0,0.13
22,21800.0,1978,22490.0,2047,690.0,1991,21930.0,0.39053407909108917,2027,22290.0,0.5467328416150368,-1.5561381063080697,-1.2437405812601745,2.337206264490248,2003,22050.0,1,2.337206264490248,3.8933443707983177,D,0.5,0.0,0.13
23,22620.0,2060,23360.0,2134,740.0,2076,22780.0,0.1475295399441845,2109,23110.0,-0.007140596337404714,-1.1060891290005939,-1.4154294015637723,1.4011482088889629,2088,22900.0,1,1.4011482088889629,2.5072373378895567,D,0.5,0.0,0.13
24,23360.0,2134,24250.0,2223,890.0,2145,23470.0,-0.6085946017904147,2196,23980.0,0.42433305419579326,-1.4154294015637723,-0.8554525274980842,1.7041186358896707,2180,23820.0,2,0.9511794169363068,3.119548037453443,D,0.5,0.0,0.13
25,24250.0,2223,24860.0,2284,610.0,2247,24490.0,-0.3166624533765722,2272,24740.0,-0.4088511655149445,-0.8554525274980842,-1.0398299517748288,0.2221276207449398,2258,24600.0,1,0.2221276207449398,1.077580148243024,D,0.5,0.0,0.13
26,24860.0,2284,25690.0,2367,830.0,2295,24970.0,0.018197790979789907,2350,25520.0,0.44239864923177774,-1.0398299517748288,-0.6792573379162474,1.564054636379803,2337,25390.0,2,1.320140085057106,2.6038845881546315,D,0.5,0.0,0.13
27,26300.0,2428,27100.0,2508,800.0,2440,26420.0,0.5126141712150976,2481,26830.0,0.6298451248786665,-1.6031556120463557,-1.3686937047192176,2.6283839544765506,2451,26530.0,1,2.6283839544765506,4.2315395665229065,D,0.5,0.0,0.13
28,27100.0,2508,28050.0,2603,950.0,2537,27390.0,-0.07452497440190342,2569,27710.0,0.24222989691277907,-1.3686937047192176,-0.7351839620898527,1.2196437559154107,2554,27560.0,1,1.2196437559154107,2.5883374606346283,D,0.5,0.0,0.13
29,28270.0,2625,28820.0,2680,550.0,2637,28390.0,0.5714827856815594,2662,28640.0,0.6443141316186979,-0.7451372461641532,-0.5994745542898764,1.8881028175272723,2647,28490.0,1,1.8881028175272723,2.6332400636914253,D,0.5,0.0,0.13
30,29050.0,2703,29870.0,2785,820.0,2714,29160.0,0.005257234461357729,2747,29490.0,-0.25078494194378176,-0.6886277636162108,-1.2007121164264896,0.6991422325389262,2724,29260.0,1,0.6991422325389262,1.387769996155137,D,0.5,0.0,0.13
31,29870.0,2785,30640.0,2862,770.0,2798,30000.0,0.41747469347791855,2838,30400.0,0.5478987501542609,-1.2007121164264896,-0.9398640030738048,2.0356615033823267,2810,30120.0,1,2.0356615033823267,3.236373619808816,D,0.5,0.0,0.13
32,31160.0,2914,31820.0,2980,660.0,2931,31330.0,0.41434032278039257,2959,31610.0,0.7860038122048812,-1.2293985720224139,-0.4860715931734362,2.058079217583199,2943,31450.0,1,2.058079217583199,3.287477789605613,D,0.5,0.0,0.13
0,2330.0,31,2970.0,95,640.0,44,2460.0,0.32430916489854367,69,2710.0,0.5108996065701505,-0.9693430261304115,-0.5961621427871979,1.6179613559274988,54,2560.0,1,1.6179613559274988,2.5873043820579102,D_bis,0.5,0.5,0.13
1,3270.0,125,3980.0,196,710.0,139,3410.0,0.511177471750056,165,3670.0,0.2948014529630134,-0.5944954582536671,-1.0272474958277524,1.6168504017537793,150,3520.0,1,1.6168504017537793,2.2113458600074463,D_bis,0.5,0.5,0.13
2,3980.0,196,4670.0,265,690.0,209,4110.0,-0.20731963551886357,237,4390.0,-0.423416631115376,-1.0272474958277524,-1.4594414870207773,0.6126082247900254,221,4230.0,1,0.6126082247900254,1.6398557206177777,D_bis,0.5,0.5,0.13
3,4670.0,265,5470.0,345,800.0,277,4790.0,0.39752098418897996,313,5150.0,0.6864108059880076,-1.4594414870207773,-0.8816618434227215,2.254483455398737,288,4900.0,1,2.254483455398737,3.7139249424195144,D_bis,0.5,0.5,0.13
4,6020.0,400,6830.0,481,810.0,413,6150.0,0.5335418706950563,450,6520.0,0.4928178106640686,-1.3707902611973022,-1.452238381259278,2.437874002587415,424,6260.0,1,2.437874002587415,3.808664263784717,D_bis,0.5,0.5,0.13
5,6830.0,481,7320.0,530,490.0,493,6950.0,-0.18126645217648862,516,7180.0,0.2656811590620043,-1.452238381259278,-0.5583431587822922,1.0897054769063008,504,7060.0,1,1.0897054769063008,2.541943858165579,D_bis,0.5,0.5,0.13
6,7320.0,530,7780.0,576,460.0,539,7410.0,-0.24631026216710677,559,7610.0,-0.42067504313032805,-0.5583431587822922,-0.9070727207087348,0.06572263444807866,547,7490.0,1,0.06572263444807866,0.6240657932303709,D_bis,0.5,0.5,0.13
7,7780.0,576,8480.0,646,700.0,592,7940.0,0.4820783440545324,625,8270.0,0.45338800588429196,-0.9070727207087348,-0.9644533970492158,1.8712294088177996,604,8060.0,1,1.8712294088177996,2.7783021295265344,D_bis,0.5,0.5,0.13
8,8960.0,694,9720.0,770,760.0,707,9090.0,0.26284223813840457,746,9480.0,0.3014113803406937,-1.3787541684370126,-1.3016158840324341,1.9044386447138215,720,9220.0,1,1.9044386447138215,3.2831928131508343,D_bis,0.5,0.5,0.13
9,9720.0,770,10150.0,813,430.0,782,9840.0,-0.3683048361296174,800,10020.0,0.15286096794037823,-1.3016158840324341,-0.2592842758924428,0.5650062117731993,792,9940.0,1,0.5650062117731993,1.8666220958056334,D_bis,0.5,0.5,0.13
10,10570.0,855,11350.0,933,780.0,866,10680.0,0.1636802656877583,907,11090.0,0.10345304207585237,-1.1027822243884535,-1.2232366716122651,1.43014275576397,877,10790.0,1,1.43014275576397,2.5329249801524236,D_bis,0.5,0.5,0.13
11,11350.0,933,12090.0,1007,740.0,957,11590.0,0.057348648581845074,986,11880.0,0.4874532030830693,-1.2232366716122651,-0.3630275626098166,1.337933968775955,973,11750.0,1,1.337933968775955,2.5611706403882204,D_bis,0.5,0.5,0.13
12,12470.0,1045,13360.0,1134,890.0,1057,12590.0,0.04280791366655978,1118,13200.0,-0.46177973674357486,-1.4473023126939342,-1.248689846273623,1.5329181400270537,1068,12700.0,2,0.9290242564067634,2.980220452720988,D_bis,0.5,0.5,0.13
13,13360.0,1134,14000.0,1198,640.0,1146,13480.0,0.08257545308991565,1175,13770.0,0.291826432461909,-1.248689846273623,-0.8301878875296361,1.413840752453454,1157,13590.0,1,1.413840752453454,2.662530598727077,D_bis,0.5,0.5,0.13
14,14220.0,1220,15070.0,1305,850.0,1233,14350.0,0.3795315232392149,1267,14690.0,0.037685179717223516,-1.0911043314932454,-1.7747970185372282,1.8501673779716752,1246,14480.0,1,1.8501673779716752,2.9412717094649206,D_bis,0.5,0.5,0.13
15,15070.0,1305,15860.0,1384,790.0,1318,15200.0,0.011360392694768073,1359,15610.0,0.3256253141861991,-1.7747970185372282,-1.1462671755543663,1.7975178039267645,1330,15320.0,1,1.7975178039267645,3.5723148224639925,D_bis,0.5,0.5,0.13
16,16060.0,1404,16860.0,1484,800.0,1417,16190.0,0.2481482811679061,1451,16530.0,0.6137828509184239,-1.4687858900697701,-0.7375167505687347,1.9650824524055825,1430,16320.0,1,1.9650824524055825,3.4338683424753524,D_bis,0.5,0.5,0.13
17,17350.0,1533,17980.0,1596,630.0,1544,17460.0,0.24954272327848015,1578,17800.0,0.9778907667521402,-1.6906734295815222,-0.2339773426342025,2.1897588761384825,1555,17570.0,1,2.1897588761384825,3.8804323057200047,D_bis,0.5,0.5,0.13
18,17980.0,1596,18490.0,1647,510.0,1603,18050.0,-0.011144644338053178,1628,18300.0,-0.49465175785807325,-0.2339773426342025,-1.2009915696742426,0.21168805395809615,1610,18120.0,1,0.21168805395809615,0.44566539659229865,D_bis,0.5,0.5,0.13
19,18490.0,1647,18910.0,1689,420.0,1659,18610.0,-0.29153758616862757,1678,18800.0,0.2177348400096158,-1.2009915696742426,-0.1824467173177557,0.6179163973369873,1670,18720.0,1,0.6179163973369873,1.81890796701123,D_bis,0.5,0.5,0.13
20,18910.0,1689,19270.0,1725,360.0,1696,18980.0,-0.07446706549696389,1715,19170.0,-0.5052198689799657,-0.1824467173177557,-1.0439523242837594,0.033512586323827934,1702,19040.0,1,0.033512586323827934,0.2159593036415836,D_bis,0.5,0.5,0.13
21,19270.0,1725,20350.0,1833,1080.0,1736,19380.0,0.14849116528293882,1815,20170.0,-0.07632659943014622,-1.0439523242837594,-0.2513557570170803,1.3409346548496368,1746,19480.0,2,0.7198186065032124,2.3848869791333964,D_bis,0.5,0.5,0.13
22,20350.0,1833,20780.0,1876,430.0,1842,20440.0,-0.11025101489371339,1861,20630.0,-0.3206331672479839,-0.2513557570170803,-0.6721200617256213,0.03085372722965351,1848,20500.0,1,0.03085372722965351,0.2822094842467338,D_bis,0.5,0.5,0.13
23,21030.0,1901,21650.0,1963,620.0,1913,21150.0,0.6248641211200969,1942,21440.0,0.5536336108573605,-1.1307639760507933,-1.273224996576266,2.3804922182909873,1924,21260.0,1,2.3804922182909873,3.5112561943417804,D_bis,0.5,0.5,0.13
24,21930.0,1991,22530.0,2051,600.0,2003,22050.0,0.31543463352166534,2035,22370.0,0.33658324963007036,-0.9513292260994697,-0.9090319938826595,1.5821984931428004,2015,22170.0,1,1.5821984931428004,2.53352771924227,D_bis,0.5,0.5,0.13
25,22950.0,2093,23430.0,2141,480.0,2106,23080.0,0.18317339787037412,2128,23300.0,0.3841451485769437,-0.9779903021428563,-0.576046800729717,1.3443370978836044,2116,23180.0,1,1.3443370978836044,2.322327400026461,D_bis,0.5,0.5,0.13
26,23430.0,2141,23790.0,2177,360.0,2151,23530.0,0.03555163229511238,2167,23690.0,0.28289165099268687,-0.576046800729717,-0.08136676333456808,0.6471500653199418,2160,23620.0,1,0.6471500653199418,1.2231968660496588,D_bis,0.5,0.5,0.13
27,23790.0,2177,24260.0,2224,470.0,2184,23860.0,0.10244918726683397,2203,24050.0,-0.3934638064554836,-0.08136676333456808,-1.0731927507792032,0.286265137868236,2190,23920.0,1,0.286265137868236,0.3676319012028041,D_bis,0.5,0.5,0.13
28,24260.0,2224,24870.0,2285,610.0,2239,24410.0,0.4550167452213081,2264,24660.0,0.5855885882431741,-1.0731927507792032,-0.8120490647354711,1.9832262412218191,2250,24520.0,1,1.9832262412218191,3.0564189920010225,D_bis,0.5,0.5,0.13
29,25310.0,2329,26020.0,2400,710.0,2342,25440.0,0.3502450181080088,2381,25830.0,0.7300472795131123,-1.2573348997803062,-0.49773037697009936,1.957824935996324,2353,25550.0,1,1.957824935996324,3.21515983577663,D_bis,0.5,0.5,0.13
30,26450.0,2443,27290.0,2527,840.0,2455,26570.0,-0.015142300184859514,2501,27030.0,-0.4236451286974341,-0.9114822151998517,-1.5129999308079018,0.8811976148301328,2466,26680.0,2,0.7734536441215832,1.7926798300299844,D_bis,0.5,0.5,0.13
31,27290.0,2527,28280.0,2626,990.0,2539,27410.0,0.24215410107683,2574,27760.0,0.42986227556319845,-1.5129999308079018,-1.1375835818351652,1.9973081329615618,2550,27520.0,1,1.9973081329615618,3.5103080637694637,D_bis,0.5,0.5,0.13
32,28280.0,2626,28790.0,2677,510.0,2639,28410.0,0.16138103654625047,2664,28660.0,0.5607850882354717,-1.1375835818351652,-0.3387754784567227,1.4603456549276659,2651,28530.0,1,1.4603456549276659,2.5979292367628313,D_bis,0.5,0.5,0.13
33,28790.0,2677,29150.0,2713,360.0,2684,28860.0,-0.12185799667707956,2700,29020.0,-0.25058223760740145,-0.3387754784567227,-0.5962239603173665,0.09505948510256355,2691,28930.0,1,0.09505948510256355,0.43383496355928625,D_bis,0.5,0.5,0.13
34,29460.0,2744,30230.0,2821,770.0,2755,29570.0,0.2575847104324589,2799,30010.0,0.03222779200343884,-1.0827860753663159,-1.2830887321319018,1.5979554962312337,2765,29670.0,2,1.4727499061850065,2.6807415715975496,D_bis,0.5,0.5,0.13
35,30230.0,2821,30620.0,2860,390.0,2832,30340.0,-0.6115046383525805,2850,30520.0,-0.37678993269574396,-1.2830887321319018,-0.8136593208182288,0.060079455426740855,2842,30440.0,1,0.060079455426740855,1.3431681875586425,D_bis,0.5,0.5,0.13
36,30620.0,2860,30980.0,2896,360.0,2870,30720.0,-0.06813277574533694,2888,30900.0,0.2650609114088519,-0.8136593208182288,-0.14727194650985118,0.6773937693275549,2880,30820.0,1,0.6773937693275549,1.4910530901457837,D_bis,0.5,0.5,0.13
37,30980.0,2896,31610.0,2959,630.0,2906,31080.0,0.4064319257787833,2930,31320.0,0.15458662749412433,-0.14727194650985118,-0.6509625430791692,0.9601357980674179,2916,31180.0,1,0.9601357980674179,1.107407744577269,D_bis,0.5,0.5,0.13
0,2170.0,15,2920.0,90,750.0,38,2400.0,0.373784714082272,67,2690.0,0.2607676696387471,-0.6069465115749796,-0.8329806004620295,1.3545159397395237,53,2550.0,1,1.3545159397395237,1.9614624513145031,full,1.0,0.0,0.13
1,3260.0,124,3980.0,196,720.0,140,3420.0,0.5455140051326003,168,3700.0,0.248586493749406,-0.42974296572299286,-1.0235979884893818,1.5207709759881936,151,3530.0,1,1.5207709759881936,1.9505139417111863,full,1.0,0.0,0.13
2,3980.0,196,4710.0,269,730.0,213,4150.0,-0.3044556368400255,257,4590.0,-0.016058447396133102,-1.0235979884893818,-0.44703840353406205,0.4149215087417959,237,4390.0,2,0.4148041117755633,1.4385194972311777,full,1.0,0.0,0.13
3,4710.0,269,5140.0,312,430.0,281,4830.0,0.06540506284898767,304,5060.0,0.22872244147178494,-0.44703840353406205,-0.12040364628846739,0.5778485292320373,294,4960.0,1,0.5778485292320373,1.0248869327660994,full,1.0,0.0,0.13
4,5140.0,312,5570.0,355,430.0,320,5220.0,0.1879401138468172,340,5420.0,-0.10817963323125812,-0.12040364628846739,-0.7126431404446181,0.4962838739821018,328,5300.0,1,0.4962838739821018,0.6166875202705692,full,1.0,0.0,0.13
5,5990.0,397,6820.0,480,830.0,414,6160.0,0.4386444488375706,447,6490.0,0.20662874611921622,-0.7191705928121143,-1.1832019982488233,1.5964594904872556,427,6290.0,1,1.5964594904872556,2.3156300832993697,full,1.0,0.0,0.13
6,6820.0,480,7340.0,532,520.0,492,6940.0,-0.05423534537808217,517,7190.0,0.27052531414009984,-1.1832019982488233,-0.5336806792124595,1.0747313074926592,503,7050.0,1,1.0747313074926592,2.2579333057414823,full,1.0,0.0,0.13
7,7340.0,532,7770.0,575,430.0,541,7430.0,-0.12790061505383876,561,7630.0,-0.2855211911557738,-0.5336806792124595,-0.8489218314163297,0.2778794491047821,549,7510.0,1,0.2778794491047821,0.8115601283172416,full,1.0,0.0,0.13
8,7770.0,575,8790.0,677,1020.0,589,7910.0,-0.10756296607815796,644,8460.0,0.04170277548607704,-0.8489218314163297,-0.8000804208983743,0.8834859718705284,627,8290.0,2,0.7586409355652711,1.7324078032868582,full,1.0,0.0,0.13
9,8980.0,696,9810.0,779,830.0,727,9290.0,0.5270343266149402,757,9590.0,0.7252799604533291,-1.0368304035948193,-0.6403391359180415,2.0908990568247,740,9420.0,1,2.0908990568247,3.127729460419519,full,1.0,0.0,0.13
10,10080.0,806,10590.0,857,510.0,816,10180.0,-0.3552588866789049,848,10500.0,-0.3358660540437529,-0.8270482023183773,-0.7882625370480734,0.1165304289605675,837,10390.0,1,0.1165304289605675,0.9435786312789448,full,1.0,0.0,0.13
11,10590.0,857,11370.0,935,780.0,867,10690.0,0.022986808649965385,919,11210.0,-0.08292363025779248,-0.7882625370480734,-0.9125459431998216,0.8342361543480041,878,10800.0,2,0.7904674185161205,1.6224986913960775,full,1.0,0.0,0.13
12,11370.0,935,12150.0,1013,780.0,960,11620.0,-0.028654725736026343,986,11880.0,0.13939581553162794,-0.9125459431998216,-0.5764448606645132,0.8552364917277689,974,11760.0,1,0.8552364917277689,1.7677824349275906,full,1.0,0.0,0.13
13,12150.0,1013,12500.0,1048,350.0,1025,12270.0,-0.06257658494006557,1040,12420.0,0.18738298836609463,-0.5764448606645132,-0.07652571405219272,0.45129169078438197,1034,12360.0,1,0.45129169078438197,1.0277365514488952,full,1.0,0.0,0.13
14,12500.0,1048,12890.0,1087,390.0,1056,12580.0,0.19903077464179647,1075,12770.0,0.0874381692928114,-0.07652571405219272,-0.299710924750163,0.4745872633357857,1064,12660.0,1,0.4745872633357857,0.5511129773879784,full,1.0,0.0,0.13
15,12890.0,1087,13340.0,1132,450.0,1097,12990.0,-0.05011720679183737,1120,13220.0,-0.37844133307911076,-0.299710924750163,-0.9563591773247098,0.19947651116648824,1105,13070.0,1,0.19947651116648824,0.4991874359166512,full,1.0,0.0,0.13
16,13340.0,1132,14160.0,1214,820.0,1145,13470.0,0.16702199249751115,1179,13810.0,0.09174318947608451,-0.9563591773247098,-1.1069167833675635,1.2904031623197323,1158,13600.0,1,1.2904031623197323,2.246762339644442,full,1.0,0.0,0.13
17,14160.0,1214,15080.0,1306,920.0,1232,14340.0,0.21817658247336236,1270,14720.0,0.05761909494609507,-1.1069167833675635,-1.428031758422098,1.5432699483142882,1250,14520.0,1,1.5432699483142882,2.6501867316818517,full,1.0,0.0,0.13
18,15080.0,1306,16070.0,1405,990.0,1327,15290.0,0.2494377839162134,1364,15660.0,0.3540615370789839,-1.428031758422098,-1.2187842520965575,1.926907326254525,1346,15480.0,1,1.926907326254525,3.354939084676623,full,1.0,0.0,0.13
19,16070.0,1405,16860.0,1484,790.0,1417,16190.0,-0.18666010432996405,1475,16770.0,-0.06765708319334568,-1.2187842520965575,-0.40770263145876107,0.8454640434366293,1428,16300.0,2,0.5589262542543495,2.064248295533187,full,1.0,0.0,0.13
20,16860.0,1484,17380.0,1536,520.0,1494,16960.0,-0.04159394367368696,1527,17290.0,-0.17943130629851134,-0.40770263145876107,-0.6833773567084097,0.3245147441113871,1516,17180.0,1,0.3245147441113871,0.7322173755701482,full,1.0,0.0,0.13
21,17380.0,1536,17940.0,1592,560.0,1545,17470.0,-0.10499620110937957,1568,17700.0,-0.274343227206571,-0.6833773567084097,-1.0220714089027925,0.4733849544896505,1554,17560.0,1,0.4733849544896505,1.1567623111980603,full,1.0,0.0,0.13
22,17940.0,1592,18560.0,1654,620.0,1604,18060.0,0.34583656129304075,1636,18380.0,0.38628229860040086,-1.0220714089027925,-0.9411799342880722,1.713744531488874,1615,18170.0,1,1.713744531488874,2.7358159403916664,full,1.0,0.0,0.13
23,19050.0,1703,19710.0,1769,660.0,1717,19190.0,0.23695980547747114,1756,19580.0,0.1363959543429104,-0.3102717211703529,-0.5113994234394744,0.7841913321252952,1743,19450.0,1,0.7841913321252952,1.094463053295648,full,1.0,0.0,0.13
24,19710.0,1769,20620.0,1860,910.0,1779,19810.0,-0.1736488566998105,1848,20500.0,-0.31064666808052155,-0.5113994234394744,-0.8288469364583484,0.20755360029730532,1833,20350.0,3,0.17492448453576961,0.7189530237367797,full,1.0,0.0,0.13
25,20620.0,1860,21040.0,1902,420.0,1870,20720.0,-0.30532402489665267,1891,20930.0,-0.21686499297490563,-0.8288469364583484,-0.6519288726148543,0.21819888666504308,1881,20830.0,1,0.21819888666504308,1.0470458231233915,full,1.0,0.0,0.13
26,21040.0,1902,21680.0,1966,640.0,1914,21160.0,0.3744808324204486,1947,21490.0,0.14024761204084624,-0.6519288726148543,-1.1203953133740592,1.4008905374557514,1926,21280.0,1,1.4008905374557514,2.052819410070606,full,1.0,0.0,0.13
27,21680.0,1966,22520.0,2050,840.0,1997,21990.0,0.15150382329962375,2031,22330.0,0.24800913663660795,-1.1203953133740592,-0.927384686700091,1.423402959973307,2013,22150.0,1,1.423402959973307,2.543798273347366,full,1.0,0.0,0.13
28,22520.0,2050,22950.0,2093,430.0,2063,22650.0,-0.37586026496881,2086,22880.0,0.06933094918207525,-0.927384686700091,-0.03700225839832047,0.17566415676247096,2078,22800.0,1,0.17566415676247096,1.103048843462562,full,1.0,0.0,0.13
29,22950.0,2093,23390.0,2137,440.0,2102,23040.0,0.11620318592571735,2125,23270.0,-0.3229577465456043,-0.03700225839832047,-0.9153241233409637,0.26940863024975514,2110,23120.0,1,0.26940863024975514,0.30641088864807564,full,1.0,0.0,0.13
30,23390.0,2137,24240.0,2222,850.0,2148,23500.0,-0.11485076003091055,2199,24010.0,-0.08735905733226512,-0.9153241233409637,-0.9732585594852955,0.7985404448207652,2179,23810.0,2,0.7420815240499539,1.7138645681617288,full,1.0,0.0,0.13
31,24240.0,2222,24860.0,2284,620.0,2238,24400.0,0.01690821147028332,2267,24690.0,0.03643577947556553,-0.9732585594852955,-0.9342034234747311,1.0070749824258622,2252,24540.0,1,1.0070749824258622,1.9803335419111576,full,1.0,0.0,0.13
32,24860.0,2284,25230.0,2321,370.0,2294,24960.0,-0.42803741418083374,2311,25130.0,-0.22084194614652541,-0.9342034234747311,-0.5198124874061145,0.07812859511306364,2303,25050.0,1,0.07812859511306364,1.0123320185877946,full,1.0,0.0,0.13
33,25230.0,2321,26020.0,2400,790.0,2335,25370.0,0.3914642154946021,2386,25880.0,-0.2071846807602945,-0.5198124874061145,-0.626145117823868,1.3027409183953187,2347,25490.0,2,0.7572583373492988,1.8225534058014332,full,1.0,0.0,0.13
34,26320.0,2430,27230.0,2521,910.0,2444,26460.0,0.08614784448898871,2494,26960.0,-0.03687867922145638,-0.9240863338758611,-1.1701393812967513,1.0963820228538386,2462,26640.0,1,1.0963820228538386,2.0204683567296997,full,1.0,0.0,0.13
35,27230.0,2521,27890.0,2587,660.0,2538,27400.0,0.1571115632766249,2566,27680.0,0.4660136853852058,-1.1701393812967513,-0.5523351370795891,1.484362507850001,2550,27520.0,1,1.484362507850001,2.6545018891467524,full,1.0,0.0,0.13
36,28280.0,2626,28800.0,2678,520.0,2638,28400.0,0.3647485819180051,2662,28640.0,0.4428537409903103,-0.6807807375926879,-0.5245704194480774,1.410277901428698,2649,28510.0,1,1.410277901428698,2.091058639021386,full,1.0,0.0,0.13
37,29070.0,2705,29470.0,2745,400.0,2716,29180.0,-0.12700296182840143,2736,29380.0,0.05161149086985514,-0.5668911326121345,-0.2096622272156213,0.3128852089553316,2727,29290.0,1,0.3128852089553316,0.8797763415674662,full,1.0,0.0,0.13
38,29470.0,2745,29900.0,2788,430.0,2754,29560.0,0.03496423032435328,2769,29710.0,0.107529394085818,-0.2096622272156213,-0.06453189969269181,0.27959068786432784,2761,29630.0,1,0.27959068786432784,0.48925291507994917,full,1.0,0.0,0.13
39,29900.0,2788,30630.0,2861,730.0,2797,29990.0,0.08578926899299309,2848,30500.0,-0.08927901360518908,-0.06453189969269181,-0.7421000293426008,0.5635420021322226,2835,30370.0,2,0.3998262199054503,0.6280739018249144,full,1.0,0.0,0.13
40,30630.0,2861,31020.0,2900,390.0,2871,30730.0,-0.25607199109486334,2889,30910.0,-0.1419457784002991,-0.7421000293426008,-0.5138476039534723,0.2299560471528741,2880,30820.0,1,0.2299560471528741,0.9720560764954749,full,1.0,0.0,0.13
41,31020.0,2900,31850.0,2983,830.0,2930,31320.0,0.23492657987566523,2954,31560.0,0.3453022497523625,-0.5138476039534723,-0.29309626420007756,0.9837007637048026,2942,31440.0,1,0.9837007637048026,1.497548367658275,full,1.0,0.0,0.13
